ip,port,Region,Country,City
103.106.228.126,2053,AS,JP,Tokyo
103.20.199.118,12999,AS,JP,Unknown
103.20.199.166,6666,AS,JP,Unknown
103.20.199.196,8882,AS,JP,Unknown
103.232.213.117,8080,AS,JP,Tokyo
103.238.129.215,42734,AS,JP,Tokyo
103.75.118.144,2053,AS,JP,Tokyo
108.160.139.154,8443,AS,JP,Unknown
108.61.181.164,10014,AS,JP,Unknown
108.61.181.164,10019,AS,JP,Unknown
118.27.12.40,38443,AS,JP,Unknown
121.85.55.59,19842,AS,JP,Kyoto
121.87.0.21,11588,AS,JP,Higashiosaka
122.210.19.25,38647,AS,JP,Kamakura
122.210.19.25,20873,AS,JP,Kamakura
122.210.19.25,28045,AS,JP,Kamakura
122.210.19.25,21807,AS,JP,Kamakura
122.210.19.25,20087,AS,JP,Kamakura
128.1.18.29,443,AS,JP,Tokyo
131.186.33.175,443,AS,JP,Inzai
131.186.63.89,11655,AS,JP,Inzai
132.145.115.199,10179,AS,JP,Inzai
132.145.116.192,44009,AS,JP,Inzai
132.145.124.43,12502,AS,JP,Inzai
132.145.124.43,12510,AS,JP,Inzai
132.145.124.43,12509,AS,JP,Inzai
132.145.126.40,32498,AS,JP,Inzai
132.226.8.109,43257,AS,JP,Inzai
132.226.8.189,18104,AS,JP,Inzai
138.2.10.149,45638,AS,JP,Inzai
138.2.10.217,27446,AS,JP,Inzai
138.2.12.103,14453,AS,JP,Inzai
138.2.18.82,8880,AS,JP,Inzai
138.2.23.218,47598,AS,JP,Inzai
138.2.32.76,15821,AS,JP,Osaka
138.2.36.157,8443,AS,JP,Osaka
138.2.48.109,26412,AS,JP,Osaka
138.2.49.197,587,AS,JP,Osaka
138.2.54.190,37911,AS,JP,Osaka
138.2.59.96,10129,AS,JP,Osaka
138.3.215.231,44784,AS,JP,Inzai
138.3.222.124,46209,AS,JP,Inzai
139.162.102.152,7002,AS,JP,Tokyo
139.162.127.39,18836,AS,JP,Tokyo
139.162.127.55,18836,AS,JP,Tokyo
139.162.84.132,18836,AS,JP,Tokyo
139.162.86.209,18836,AS,JP,Tokyo
140.238.37.103,14782,AS,JP,Inzai
140.238.62.82,1443,AS,JP,Inzai
140.83.35.254,48170,AS,JP,Inzai
140.83.37.134,46478,AS,JP,Inzai
140.83.56.110,56417,AS,JP,Osaka
140.83.57.114,25965,AS,JP,Osaka
140.83.57.183,22735,AS,JP,Osaka
140.83.57.20,13118,AS,JP,Osaka
140.83.59.158,15805,AS,JP,Osaka
140.83.83.229,14829,AS,JP,Osaka
141.147.144.15,13357,AS,JP,Osaka
141.147.144.246,8080,AS,JP,Osaka
141.147.147.180,443,AS,JP,Osaka
141.147.152.229,23333,AS,JP,Osaka
141.147.155.5,54443,AS,JP,Osaka
141.147.161.249,51037,AS,JP,Inzai
141.147.183.49,29876,AS,JP,Inzai
141.147.186.249,4308,AS,JP,Inzai
141.98.197.101,11665,AS,JP,Tokyo
147.45.49.152,2053,AS,JP,Tokyo
147.45.49.164,24443,AS,JP,Tokyo
149.28.21.106,443,AS,JP,Unknown
149.28.30.146,44243,AS,JP,Unknown
150.230.108.124,8832,AS,JP,Inzai
150.230.204.21,10243,AS,JP,Inzai
150.230.204.21,3742,AS,JP,Inzai
150.230.206.237,9710,AS,JP,Inzai
150.230.214.172,16957,AS,JP,Inzai
150.230.5.34,45681,AS,JP,Osaka
150.230.97.136,12502,AS,JP,Inzai
150.95.25.108,8443,AS,JP,Unknown
150.95.25.108,2053,AS,JP,Unknown
152.69.192.40,57005,AS,JP,Osaka
152.69.199.70,8443,AS,JP,Osaka
152.70.100.102,58312,AS,JP,Inzai
152.70.82.101,18650,AS,JP,Osaka
152.70.86.58,5656,AS,JP,Osaka
154.31.113.72,443,AS,JP,Tokyo
155.248.176.48,38192,AS,JP,Inzai
155.248.178.58,80,AS,JP,Inzai
158.101.146.3,44872,AS,JP,Inzai
158.101.146.3,54516,AS,JP,Inzai
158.101.150.106,12888,AS,JP,Inzai
158.101.152.6,2919,AS,JP,Inzai
158.101.153.138,8890,AS,JP,Inzai
158.101.154.245,47001,AS,JP,Inzai
158.101.157.75,57105,AS,JP,Inzai
158.101.85.23,41092,AS,JP,Inzai
159.100.194.42,443,AS,JP,Tokyo
168.138.192.16,54584,AS,JP,Inzai
168.138.193.174,11959,AS,JP,Inzai
168.138.197.147,12345,AS,JP,Inzai
168.138.198.7,27560,AS,JP,Inzai
168.138.201.217,59217,AS,JP,Inzai
168.138.201.35,36637,AS,JP,Inzai
168.138.204.44,587,AS,JP,Inzai
168.138.213.1,50003,AS,JP,Inzai
168.138.213.15,36008,AS,JP,Inzai
168.138.33.153,33613,AS,JP,Osaka
168.138.39.244,47324,AS,JP,Osaka
168.138.46.115,43138,AS,JP,Osaka
168.138.46.67,443,AS,JP,Osaka
168.138.53.119,20644,AS,JP,Osaka
172.105.233.112,18836,AS,JP,Tokyo
176.97.70.51,2053,AS,JP,Tokyo
18.183.158.211,443,AS,JP,Tokyo
185.18.222.208,2053,AS,JP,Tokyo
192.169.127.184,443,AS,JP,Tokyo
192.243.122.226,8443,AS,JP,Osaka
198.13.42.58,32954,AS,JP,Unknown
20.243.85.49,10443,AS,JP,Tokyo
202.144.192.76,443,AS,JP,Tokyo
202.144.195.204,443,AS,JP,Tokyo
202.182.124.217,56659,AS,JP,Unknown
202.60.191.6,29192,AS,JP,Tsu
202.60.191.6,17922,AS,JP,Tsu
207.148.107.181,22135,AS,JP,Unknown
212.50.251.250,2346,AS,JP,Osaka
212.52.0.61,1846,AS,JP,Tokyo
217.142.230.253,587,AS,JP,Osaka
217.142.236.93,443,AS,JP,Osaka
217.142.239.92,42782,AS,JP,Osaka
217.142.243.226,443,AS,JP,Osaka
217.142.243.98,51321,AS,JP,Osaka
217.142.250.195,587,AS,JP,Osaka
219.117.2.190,57517,AS,JP,Shimorenjaku
219.117.2.190,48401,AS,JP,Shimorenjaku
3.112.21.102,443,AS,JP,Tokyo
38.180.28.163,2053,AS,JP,Tokyo
38.180.28.163,8443,AS,JP,Tokyo
38.180.29.115,443,AS,JP,Tokyo
43.133.10.236,33405,AS,JP,Tokyo
43.163.207.12,52025,AS,JP,Tokyo
45.11.1.118,44004,AS,JP,Tokyo
45.32.255.20,46326,AS,JP,Unknown
45.32.59.97,34567,AS,JP,Unknown
45.39.198.40,8080,AS,JP,Tokyo
45.39.198.43,8080,AS,JP,Tokyo
45.66.129.8,1233,AS,JP,Tokyo
45.66.218.194,12965,AS,JP,Tokyo
45.76.192.129,24434,AS,JP,Unknown
45.76.195.196,26731,AS,JP,Unknown
45.76.198.248,443,AS,JP,Unknown
45.77.25.6,27854,AS,JP,Heiwajima
45.77.25.6,48828,AS,JP,Heiwajima
45.78.62.46,16471,AS,JP,Osaka
47.245.59.226,59215,AS,JP,Tokyo
47.91.18.127,443,AS,JP,Tokyo
54.248.121.219,443,AS,JP,Tokyo
64.110.101.90,55007,AS,JP,Osaka
64.110.104.30,443,AS,JP,Osaka
64.176.39.147,16387,AS,JP,Unknown
64.176.42.6,443,AS,JP,Osaka
8.209.220.50,21273,AS,JP,Tokyo
8.216.81.183,3939,AS,JP,Tokyo
80.96.156.226,44415,AS,JP,Tokyo
82.163.16.69,8080,AS,JP,Tokyo
85.208.110.5,2053,AS,JP,Tokyo
85.208.110.52,8443,AS,JP,Tokyo
85.208.110.52,2053,AS,JP,Tokyo
91.194.160.121,2053,AS,JP,Tokyo
91.194.160.45,8443,AS,JP,Tokyo
91.194.160.45,2053,AS,JP,Tokyo
91.194.160.79,2053,AS,JP,Tokyo
91.194.160.79,8443,AS,JP,Tokyo
94.177.131.183,8443,AS,JP,Tokyo
94.177.131.183,2053,AS,JP,Tokyo
1.249.4.71,50002,AS,KR,Seo-gu
101.235.121.104,50000,AS,KR,Jungnang-gu
106.240.106.61,22305,AS,KR,Gangdong-gu
106.240.106.61,38937,AS,KR,Gangdong-gu
106.240.106.61,13783,AS,KR,Gangdong-gu
106.240.106.61,32929,AS,KR,Gangdong-gu
106.243.1.211,34046,AS,KR,Dongjak-gu
106.244.68.249,50000,AS,KR,Seo-gu
106.251.70.75,50000,AS,KR,Gwanak-gu
106.253.198.210,30053,AS,KR,Gangnam-gu
106.253.198.210,50003,AS,KR,Gangnam-gu
106.255.206.121,50000,AS,KR,Osan
106.255.89.151,30078,AS,KR,Siheung-si
106.255.89.151,50000,AS,KR,Siheung-si
112.109.58.49,50000,AS,KR,Nam-gu
112.155.173.72,30069,AS,KR,Areannamkwaengi
112.156.154.95,30067,AS,KR,Gijang-gun
112.158.38.115,26716,AS,KR,Gimpo-si
112.158.77.21,50034,AS,KR,Gwanak-gu
112.162.203.5,50000,AS,KR,Yeonje-gu
112.162.27.122,50000,AS,KR,Busan
112.165.17.199,15602,AS,KR,Uiseong-gun
112.165.17.199,20286,AS,KR,Uiseong-gun
112.165.17.199,18292,AS,KR,Uiseong-gun
112.165.17.199,35601,AS,KR,Uiseong-gun
112.165.17.199,34529,AS,KR,Uiseong-gun
112.165.218.172,20683,AS,KR,Cheongju-si
112.165.218.172,33286,AS,KR,Cheongju-si
112.165.54.52,35263,AS,KR,Cheongdo-gun
112.166.170.246,30041,AS,KR,Unknown
112.166.47.132,50000,AS,KR,Nonsan
112.168.162.39,30059,AS,KR,Yongin-si
112.169.179.46,50000,AS,KR,Songpa-gu
112.170.112.178,27248,AS,KR,Areannamkwaengi
112.170.112.178,27023,AS,KR,Areannamkwaengi
112.170.112.178,36702,AS,KR,Areannamkwaengi
112.170.112.178,27621,AS,KR,Areannamkwaengi
112.170.112.178,28154,AS,KR,Areannamkwaengi
112.170.112.178,15846,AS,KR,Areannamkwaengi
112.173.70.40,50000,AS,KR,Gimhae
112.184.1.101,16357,AS,KR,Jeju City
112.187.98.56,30036,AS,KR,Seo-gu
112.218.194.82,23281,AS,KR,Seodaemun-gu
112.218.194.82,30063,AS,KR,Seodaemun-gu
112.222.49.250,50000,AS,KR,Chuncheon
112.222.87.59,12731,AS,KR,Guro-gu
112.222.87.59,37014,AS,KR,Guro-gu
112.222.87.59,32226,AS,KR,Guro-gu
112.222.87.59,20724,AS,KR,Guro-gu
112.222.87.59,17777,AS,KR,Guro-gu
112.223.212.219,10543,AS,KR,Gunpo
112.223.212.219,19727,AS,KR,Gunpo
113.60.219.196,50003,AS,KR,Yongin-si
115.140.58.54,36829,AS,KR,Busan
115.20.135.212,50000,AS,KR,Cheongju-si
115.40.244.240,12696,AS,KR,Changwon
115.40.244.240,11211,AS,KR,Changwon
115.69.101.29,11025,AS,KR,Pohang
115.69.101.29,26075,AS,KR,Pohang
115.69.101.29,37698,AS,KR,Pohang
115.69.101.29,20279,AS,KR,Pohang
115.91.235.58,50000,AS,KR,Guri-si
115.95.176.24,30064,AS,KR,Seoul
115.95.176.24,30059,AS,KR,Seoul
116.35.98.234,31159,AS,KR,Buk-gu
116.47.10.236,11102,AS,KR,Areannamkwaengi
116.47.199.34,50000,AS,KR,Seoul
118.130.187.163,30024,AS,KR,Hwacheon
118.130.187.163,30063,AS,KR,Hwacheon
118.130.187.163,30069,AS,KR,Hwacheon
118.130.187.163,17328,AS,KR,Hwacheon
118.131.232.132,30063,AS,KR,Hwaseong-si
118.37.105.12,28827,AS,KR,Gangseo-gu
118.39.88.64,30071,AS,KR,Jung-gu
118.43.168.239,50000,AS,KR,Seocheon-gun
118.45.241.209,17186,AS,KR,Gumi
118.45.241.209,30058,AS,KR,Gumi
118.45.241.209,30039,AS,KR,Gumi
118.46.29.202,50003,AS,KR,Cheongju-si
118.46.29.202,30069,AS,KR,Cheongju-si
118.46.29.202,30052,AS,KR,Cheongju-si
118.47.65.248,30045,AS,KR,Ulju-gun
118.47.65.248,30012,AS,KR,Ulju-gun
119.193.178.234,30068,AS,KR,Goyang-si
119.193.178.234,50000,AS,KR,Goyang-si
119.193.236.130,28922,AS,KR,Namyangju
119.193.236.130,15768,AS,KR,Namyangju
119.193.236.130,33541,AS,KR,Namyangju
119.193.236.130,12121,AS,KR,Namyangju
119.193.236.130,18783,AS,KR,Namyangju
119.194.133.136,50000,AS,KR,Seongnam-si
119.194.63.100,30045,AS,KR,Suwon
119.194.63.100,30067,AS,KR,Suwon
119.195.138.41,34910,AS,KR,Gunpo
119.195.138.41,30059,AS,KR,Gunpo
119.195.138.41,50004,AS,KR,Gunpo
119.195.138.41,50000,AS,KR,Gunpo
119.195.138.41,30027,AS,KR,Gunpo
119.195.155.85,27094,AS,KR,Namyangju
119.195.155.85,18388,AS,KR,Namyangju
119.195.173.74,23790,AS,KR,Siheung-si
119.195.173.74,11001,AS,KR,Siheung-si
119.195.173.74,30109,AS,KR,Siheung-si
119.195.173.74,12238,AS,KR,Siheung-si
119.195.173.74,27145,AS,KR,Siheung-si
119.199.206.40,11166,AS,KR,Miryang
119.199.206.40,19729,AS,KR,Miryang
119.199.206.40,23860,AS,KR,Miryang
119.199.206.40,39731,AS,KR,Miryang
119.201.28.118,24601,AS,KR,Suseong-gu
119.201.98.109,50000,AS,KR,Gyeongsan-si
119.201.99.87,29411,AS,KR,Gyeongsan-si
119.202.255.115,13426,AS,KR,Daegu
119.202.255.115,17133,AS,KR,Daegu
119.202.255.115,12380,AS,KR,Daegu
119.203.163.122,50000,AS,KR,Daejeon
119.56.175.56,16673,AS,KR,Gumi
119.56.175.56,12406,AS,KR,Gumi
119.56.175.56,12763,AS,KR,Gumi
119.66.172.143,50000,AS,KR,Dongdaemun
121.101.247.126,50000,AS,KR,Goyang-si
121.135.81.139,30050,AS,KR,Yongin-si
121.139.174.91,50000,AS,KR,Gwangjin-gu
121.147.229.1,50000,AS,KR,Gwangju
121.148.224.226,50000,AS,KR,Gwangsan-gu
121.154.105.47,50000,AS,KR,Jeonju
121.154.68.40,19720,AS,KR,Jinan-gun
121.154.68.40,34005,AS,KR,Jinan-gun
121.154.68.40,11937,AS,KR,Jinan-gun
121.154.68.40,26186,AS,KR,Jinan-gun
121.154.68.40,22256,AS,KR,Jinan-gun
121.154.68.40,25270,AS,KR,Jinan-gun
121.154.68.40,26471,AS,KR,Jinan-gun
121.154.68.40,13282,AS,KR,Jinan-gun
121.154.68.40,31870,AS,KR,Jinan-gun
121.154.68.40,25079,AS,KR,Jinan-gun
121.154.68.40,16040,AS,KR,Jinan-gun
121.154.68.40,15273,AS,KR,Jinan-gun
121.154.68.40,17244,AS,KR,Jinan-gun
121.154.79.130,10126,AS,KR,Jinan-gun
121.155.14.99,30053,AS,KR,Wŏnju
121.155.154.142,24251,AS,KR,Cheongju-si
121.155.154.142,14807,AS,KR,Cheongju-si
121.155.154.142,39595,AS,KR,Cheongju-si
121.155.154.142,24603,AS,KR,Cheongju-si
121.157.26.220,50004,AS,KR,Seongnam-si
121.157.26.220,30044,AS,KR,Seongnam-si
121.157.26.220,50000,AS,KR,Seongnam-si
121.158.194.32,11611,AS,KR,Gimhae
121.158.194.32,11413,AS,KR,Gimhae
121.158.27.207,50000,AS,KR,Yangyang-gun
121.162.14.67,26093,AS,KR,Seoul
121.162.14.67,22480,AS,KR,Seoul
121.162.14.67,17298,AS,KR,Seoul
121.162.197.175,37353,AS,KR,Eunpyeong-gu
121.162.197.175,38606,AS,KR,Eunpyeong-gu
121.162.197.175,18397,AS,KR,Eunpyeong-gu
121.162.197.175,23984,AS,KR,Eunpyeong-gu
121.162.197.175,39904,AS,KR,Eunpyeong-gu
121.162.197.175,10848,AS,KR,Eunpyeong-gu
121.162.197.175,26854,AS,KR,Eunpyeong-gu
121.162.197.175,22187,AS,KR,Eunpyeong-gu
121.162.197.175,36514,AS,KR,Eunpyeong-gu
121.162.197.175,11204,AS,KR,Eunpyeong-gu
121.162.197.175,10103,AS,KR,Eunpyeong-gu
121.162.197.175,10986,AS,KR,Eunpyeong-gu
121.165.101.69,19413,AS,KR,Unknown
121.167.145.40,25156,AS,KR,Songpa-gu
121.167.145.40,10843,AS,KR,Songpa-gu
121.167.145.40,30079,AS,KR,Songpa-gu
121.167.15.173,50000,AS,KR,Yongin-si
121.168.144.41,50000,AS,KR,Hwaseong-si
121.169.228.177,24735,AS,KR,Gwangju
121.169.228.177,17050,AS,KR,Gwangju
121.169.228.177,35805,AS,KR,Gwangju
121.169.228.177,16157,AS,KR,Gwangju
121.169.228.177,18817,AS,KR,Gwangju
121.171.82.130,30012,AS,KR,Gangseo-gu
121.171.82.130,30001,AS,KR,Gangseo-gu
121.171.82.130,30055,AS,KR,Gangseo-gu
121.171.82.130,50000,AS,KR,Gangseo-gu
121.172.5.248,16913,AS,KR,Incheon
121.172.5.248,34689,AS,KR,Incheon
121.172.5.248,18583,AS,KR,Incheon
121.176.15.93,30012,AS,KR,Gimhae
121.176.15.93,30055,AS,KR,Gimhae
121.176.199.103,30017,AS,KR,Ulsan
121.176.199.103,30052,AS,KR,Ulsan
121.179.114.244,30075,AS,KR,Nam-gu
121.179.59.233,10443,AS,KR,Gwangju
121.179.59.233,10692,AS,KR,Gwangju
121.180.99.17,39536,AS,KR,Gokseong-gun
121.183.112.175,50003,AS,KR,Gumi
121.183.215.236,30644,AS,KR,Sejong
121.183.215.236,23512,AS,KR,Sejong
121.184.143.191,50001,AS,KR,Gyeryong
121.187.106.143,50000,AS,KR,Unknown
121.188.107.204,23805,AS,KR,Cheongju-si
121.188.107.204,26413,AS,KR,Cheongju-si
121.66.32.174,50000,AS,KR,Gangdong-gu
121.88.107.1,50000,AS,KR,Nowon-gu
122.252.209.48,50000,AS,KR,Yuseong-gu
123.142.67.164,29461,AS,KR,Hwaseong-si
123.142.67.164,50000,AS,KR,Hwaseong-si
123.142.9.101,50000,AS,KR,Seocho-gu
123.143.9.5,14041,AS,KR,Yongin-si
123.214.130.71,50003,AS,KR,Jeonju
124.216.60.169,36004,AS,KR,Jung-gu
124.216.60.169,29850,AS,KR,Jung-gu
124.216.60.169,10325,AS,KR,Jung-gu
124.216.60.169,11804,AS,KR,Jung-gu
124.48.225.132,50000,AS,KR,Eunpyeong-gu
124.5.180.192,50000,AS,KR,Seoul
124.5.96.248,50000,AS,KR,Nowon-gu
125.128.27.185,50000,AS,KR,Seoul
125.130.15.106,20280,AS,KR,Yongin-si
125.130.15.106,27879,AS,KR,Yongin-si
125.131.159.38,30005,AS,KR,Seocho-gu
125.135.123.97,19984,AS,KR,Ulsan
125.139.138.180,23105,AS,KR,Iksan
125.176.156.67,50000,AS,KR,Dongjak-gu
125.176.156.67,30059,AS,KR,Dongjak-gu
125.176.156.67,30061,AS,KR,Dongjak-gu
125.178.21.16,36009,AS,KR,Yongin-si
125.178.21.16,35074,AS,KR,Yongin-si
125.187.120.122,11181,AS,KR,Seodaemun-gu
129.154.207.203,443,AS,KR,Seoul
129.154.223.89,15800,AS,KR,Seoul
129.154.48.176,36355,AS,KR,Chuncheon
129.154.54.67,19567,AS,KR,Chuncheon
130.162.144.191,443,AS,KR,Seoul
131.186.18.212,28887,AS,KR,Seoul
131.186.20.178,24960,AS,KR,Seoul
131.186.20.178,27194,AS,KR,Seoul
131.186.24.124,587,AS,KR,Seoul
131.186.31.253,36688,AS,KR,Seoul
132.145.84.148,39567,AS,KR,Seoul
132.145.94.80,443,AS,KR,Seoul
132.226.20.13,587,AS,KR,Seoul
132.226.21.116,6056,AS,KR,Seoul
132.226.236.86,32505,AS,KR,Seoul
138.2.122.197,39863,AS,KR,Chuncheon
138.2.127.24,587,AS,KR,Chuncheon
14.33.132.138,38975,AS,KR,Yongin-si
14.33.132.138,29529,AS,KR,Yongin-si
14.33.132.138,12624,AS,KR,Yongin-si
14.33.132.138,32176,AS,KR,Yongin-si
14.33.132.138,19278,AS,KR,Yongin-si
14.33.77.185,29138,AS,KR,Suwon
14.33.77.185,10850,AS,KR,Suwon
14.33.77.185,33601,AS,KR,Suwon
14.33.77.185,29374,AS,KR,Suwon
14.35.110.120,50000,AS,KR,Anyang-si
14.35.29.177,15211,AS,KR,Ansan-si
14.35.29.177,15903,AS,KR,Ansan-si
14.39.172.147,30058,AS,KR,Seoul
14.39.172.147,31316,AS,KR,Seoul
14.39.172.147,30077,AS,KR,Seoul
14.39.172.147,30069,AS,KR,Seoul
14.4.47.67,50001,AS,KR,Suwon
14.43.209.58,36636,AS,KR,Jinju
14.45.249.246,50000,AS,KR,Suseong-gu
14.46.110.161,30074,AS,KR,Gumi
14.46.110.161,50003,AS,KR,Gumi
14.46.130.32,30061,AS,KR,Buk-gu
14.46.225.3,10003,AS,KR,Gumi
14.48.170.40,50000,AS,KR,Dong-gu
14.52.132.109,30057,AS,KR,Gangnam-gu
14.52.132.109,50000,AS,KR,Gangnam-gu
14.55.223.70,50000,AS,KR,Iksan
14.63.31.210,30067,AS,KR,Seocho-gu
14.63.31.210,30054,AS,KR,Seocho-gu
140.238.10.44,23253,AS,KR,Seoul
140.238.5.75,13644,AS,KR,Seoul
144.24.72.93,587,AS,KR,Chuncheon
144.24.84.212,49888,AS,KR,Chuncheon
144.24.87.69,50001,AS,KR,Chuncheon
146.56.107.41,27306,AS,KR,Chuncheon
146.56.112.139,19276,AS,KR,Chuncheon
146.56.140.79,22561,AS,KR,Seoul
146.56.140.79,44699,AS,KR,Seoul
146.56.140.79,20309,AS,KR,Seoul
146.56.151.224,29349,AS,KR,Seoul
146.56.162.25,443,AS,KR,Seoul
146.56.169.67,16818,AS,KR,Seoul
146.56.172.216,39001,AS,KR,Seoul
146.56.179.20,8000,AS,KR,Seoul
146.56.182.217,54266,AS,KR,Seoul
146.56.98.125,34540,AS,KR,Chuncheon
146.56.99.255,56789,AS,KR,Chuncheon
147.75.225.105,443,AS,KR,Seoul
149.129.8.215,443,AS,KR,Seoul
150.230.255.146,6443,AS,KR,Chuncheon
152.67.197.197,19120,AS,KR,Chuncheon
152.67.201.16,11002,AS,KR,Chuncheon
152.67.211.114,58337,AS,KR,Chuncheon
152.69.227.97,587,AS,KR,Chuncheon
152.69.229.175,22558,AS,KR,Chuncheon
152.70.232.251,58474,AS,KR,Seoul
152.70.234.90,55588,AS,KR,Seoul
152.70.243.77,53033,AS,KR,Seoul
152.70.245.66,12693,AS,KR,Seoul
152.70.89.135,587,AS,KR,Seoul
152.70.90.168,443,AS,KR,Seoul
158.179.171.53,443,AS,KR,Chuncheon
158.180.82.203,8443,AS,KR,Chuncheon
158.180.85.127,20721,AS,KR,Chuncheon
158.247.250.157,81,AS,KR,Seoul
168.126.205.5,30066,AS,KR,Wŏnju
168.126.205.5,34607,AS,KR,Wŏnju
168.126.205.5,50003,AS,KR,Wŏnju
175.121.137.173,50003,AS,KR,Siheung-si
175.127.79.237,50004,AS,KR,Dong-gu
175.195.201.211,39166,AS,KR,Suwon
175.195.201.211,24623,AS,KR,Suwon
175.195.201.211,22211,AS,KR,Suwon
175.195.223.247,50000,AS,KR,Yongin-si
175.195.255.42,50000,AS,KR,Yongin-si
175.198.169.39,24944,AS,KR,Incheon
175.198.169.39,12502,AS,KR,Incheon
175.198.169.39,20887,AS,KR,Incheon
175.199.174.127,50000,AS,KR,Gimhae
175.205.194.8,50000,AS,KR,Sejong
175.207.201.231,30067,AS,KR,Jeju City
175.207.201.231,50000,AS,KR,Jeju City
175.207.201.231,30007,AS,KR,Jeju City
175.207.201.231,30059,AS,KR,Jeju City
175.207.201.231,30075,AS,KR,Jeju City
175.207.201.231,30013,AS,KR,Jeju City
175.208.202.41,20583,AS,KR,Seoul
175.212.44.200,50000,AS,KR,Incheon
175.213.58.158,10232,AS,KR,Goyang-si
175.214.121.119,30040,AS,KR,Seoul
175.214.121.119,50001,AS,KR,Seoul
175.214.121.119,30046,AS,KR,Seoul
175.214.121.119,30057,AS,KR,Seoul
175.214.121.119,30022,AS,KR,Seoul
175.214.237.120,50000,AS,KR,Suyeong-gu
175.215.25.53,50000,AS,KR,Geoje
180.211.23.99,50000,AS,KR,Gyeongsan-si
180.230.0.137,50000,AS,KR,Siheung-si
180.231.102.33,50000,AS,KR,Bupyeong-gu
180.231.102.33,30063,AS,KR,Bupyeong-gu
182.213.59.227,39452,AS,KR,Namyangju
182.213.59.227,27621,AS,KR,Namyangju
182.213.59.227,14286,AS,KR,Namyangju
182.213.59.227,27000,AS,KR,Namyangju
182.213.59.227,32903,AS,KR,Namyangju
182.213.59.227,33083,AS,KR,Namyangju
182.213.59.227,14253,AS,KR,Namyangju
182.213.59.227,26645,AS,KR,Namyangju
182.213.59.227,10414,AS,KR,Namyangju
182.213.59.227,17832,AS,KR,Namyangju
182.227.231.197,50000,AS,KR,Bucheon-si
182.231.198.88,29343,AS,KR,Goyang-si
182.231.198.88,16026,AS,KR,Goyang-si
183.100.144.36,21789,AS,KR,Pyeongtaek-si
183.100.144.36,10482,AS,KR,Pyeongtaek-si
183.100.192.53,50000,AS,KR,Seongnam-si
183.101.244.245,30065,AS,KR,Dongjak-gu
183.101.244.245,50000,AS,KR,Dongjak-gu
183.101.244.245,30066,AS,KR,Dongjak-gu
183.103.211.16,34036,AS,KR,Sancheong-gun
183.103.211.16,20207,AS,KR,Sancheong-gun
183.103.211.16,27521,AS,KR,Sancheong-gun
183.103.211.16,26782,AS,KR,Sancheong-gun
183.104.67.29,12150,AS,KR,Geoje
183.104.67.29,11642,AS,KR,Geoje
183.104.67.29,30053,AS,KR,Geoje
183.104.67.29,30081,AS,KR,Geoje
183.109.161.20,16120,AS,KR,Wanju
183.109.161.20,21572,AS,KR,Wanju
183.96.133.118,30043,AS,KR,Seodaemun-gu
183.96.133.118,30057,AS,KR,Seodaemun-gu
183.96.245.165,50001,AS,KR,Mapo-gu
183.96.245.165,30060,AS,KR,Mapo-gu
193.122.126.64,53777,AS,KR,Seoul
193.123.236.138,27215,AS,KR,Seoul
193.123.247.125,50576,AS,KR,Seoul
20.214.143.77,587,AS,KR,Seoul
203.243.63.166,27249,AS,KR,Wŏnju
210.101.111.224,50000,AS,KR,Daejeon
210.103.86.17,21770,AS,KR,Busan
210.103.86.17,10083,AS,KR,Busan
210.103.86.17,31279,AS,KR,Busan
210.92.83.178,50000,AS,KR,Seoul
211.105.161.16,30063,AS,KR,Gwangju
211.105.161.16,50003,AS,KR,Gwangju
211.107.155.57,36565,AS,KR,Suseong-gu
211.110.216.132,50003,AS,KR,Gangnam-gu
211.114.195.107,18080,AS,KR,Namyangju
211.114.195.107,22968,AS,KR,Namyangju
211.115.146.127,31304,AS,KR,Seongnam-si
211.185.88.225,50000,AS,KR,Gangnam-gu
211.195.33.44,30040,AS,KR,Ansan-si
211.216.189.208,39726,AS,KR,Buk-gu
211.216.189.208,26565,AS,KR,Buk-gu
211.216.189.208,26538,AS,KR,Buk-gu
211.219.198.180,12811,AS,KR,Geoje
211.219.199.21,50000,AS,KR,Geoje
211.222.80.156,24868,AS,KR,Gyeyang-gu
211.222.80.156,24172,AS,KR,Gyeyang-gu
211.222.80.156,11838,AS,KR,Gyeyang-gu
211.222.80.156,22492,AS,KR,Gyeyang-gu
211.227.114.208,50000,AS,KR,Uijeongbu-si
211.227.43.208,30058,AS,KR,Paju
211.228.2.113,50000,AS,KR,Nam-gu
211.248.217.7,50000,AS,KR,Uiseong-gun
211.248.229.186,32557,AS,KR,Yeongdeok-gun
211.248.229.186,14074,AS,KR,Yeongdeok-gun
211.248.229.186,27453,AS,KR,Yeongdeok-gun
211.252.100.154,34020,AS,KR,Goyang-si
211.253.196.188,21396,AS,KR,Yeongyang-gun
211.253.196.188,30021,AS,KR,Yeongyang-gun
211.34.217.86,10247,AS,KR,Namdong-gu
211.42.255.79,50000,AS,KR,Unknown
211.51.176.6,30059,AS,KR,Yeongcheon-si
211.54.106.141,21151,AS,KR,Suwon
211.55.101.82,30020,AS,KR,Uijeongbu-si
217.142.138.61,37914,AS,KR,Seoul
218.148.212.190,10855,AS,KR,Yangp'yŏng
218.148.212.190,26120,AS,KR,Yangp'yŏng
218.148.212.190,33739,AS,KR,Yangp'yŏng
218.150.104.215,50000,AS,KR,Tangjin
218.154.22.99,50000,AS,KR,Guro-gu
218.157.11.21,39427,AS,KR,Gwangsan-gu
218.157.11.21,13954,AS,KR,Gwangsan-gu
218.157.11.21,26918,AS,KR,Gwangsan-gu
218.157.11.21,31348,AS,KR,Gwangsan-gu
218.157.11.21,12601,AS,KR,Gwangsan-gu
218.157.11.21,17340,AS,KR,Gwangsan-gu
218.157.11.21,21851,AS,KR,Gwangsan-gu
218.157.157.166,50000,AS,KR,Daegu
218.209.28.138,50003,AS,KR,Suwon
219.248.62.241,30017,AS,KR,Seongnam-si
220.119.170.222,26883,AS,KR,Haeundae-gu
220.123.95.78,50000,AS,KR,Yuseong-gu
220.71.170.47,50000,AS,KR,Jeollanam-do
220.71.245.141,31491,AS,KR,Buk-gu
220.71.245.141,11139,AS,KR,Buk-gu
220.72.134.44,31164,AS,KR,Seongdong-gu
220.72.134.44,30520,AS,KR,Seongdong-gu
220.79.197.214,11737,AS,KR,Namyangju
220.79.197.214,21824,AS,KR,Namyangju
220.79.197.214,13892,AS,KR,Namyangju
220.80.121.210,50000,AS,KR,Mokpo
220.80.128.180,30055,AS,KR,Gwangju
220.80.128.180,30059,AS,KR,Gwangju
220.80.128.180,10435,AS,KR,Gwangju
220.80.128.180,20912,AS,KR,Gwangju
220.82.73.154,16567,AS,KR,Gongju
220.82.73.154,28600,AS,KR,Gongju
220.82.73.154,36938,AS,KR,Gongju
220.83.36.68,30059,AS,KR,Cheongju-si
220.83.36.68,30072,AS,KR,Cheongju-si
220.84.186.17,22635,AS,KR,Changwon
220.84.186.17,31454,AS,KR,Changwon
220.84.186.17,10372,AS,KR,Changwon
220.84.186.17,12568,AS,KR,Changwon
220.85.70.7,50000,AS,KR,Seocho-gu
220.87.229.22,29340,AS,KR,Gunsan
220.87.229.22,37865,AS,KR,Gunsan
220.87.243.193,24304,AS,KR,Koch'ang
220.87.243.193,27270,AS,KR,Koch'ang
220.87.243.193,12069,AS,KR,Koch'ang
220.87.243.193,28568,AS,KR,Koch'ang
220.87.243.193,17056,AS,KR,Koch'ang
220.89.108.14,23612,AS,KR,Gumi
220.90.247.28,50000,AS,KR,Seosan City
220.92.146.161,50000,AS,KR,Jinju
220.93.255.130,50000,AS,KR,Gangjin-gun
221.145.146.223,50000,AS,KR,Cheonan
221.149.11.173,35591,AS,KR,Songpa-gu
221.149.11.173,15679,AS,KR,Songpa-gu
221.150.165.99,15860,AS,KR,Hwaseong-si
221.150.165.99,21075,AS,KR,Hwaseong-si
221.150.165.99,35669,AS,KR,Hwaseong-si
221.150.165.99,11191,AS,KR,Hwaseong-si
221.150.165.99,20797,AS,KR,Hwaseong-si
221.150.165.99,34848,AS,KR,Hwaseong-si
221.157.196.48,12623,AS,KR,Gimcheon
221.157.196.48,34418,AS,KR,Gimcheon
221.158.170.74,50000,AS,KR,Daejeon
221.161.58.134,31944,AS,KR,Gyeongju
221.161.58.134,37603,AS,KR,Gyeongju
221.161.58.134,23449,AS,KR,Gyeongju
221.161.58.134,30260,AS,KR,Gyeongju
221.161.58.134,36376,AS,KR,Gyeongju
221.161.58.134,30569,AS,KR,Gyeongju
221.161.58.134,10691,AS,KR,Gyeongju
221.161.58.134,29264,AS,KR,Gyeongju
221.161.58.134,35972,AS,KR,Gyeongju
221.161.58.134,14696,AS,KR,Gyeongju
221.161.58.134,10334,AS,KR,Gyeongju
221.161.58.134,22542,AS,KR,Gyeongju
221.163.88.207,50000,AS,KR,Yongin-si
222.102.84.36,50000,AS,KR,Gwangsan-gu
222.103.185.193,16656,AS,KR,Gimcheon
222.103.185.193,30012,AS,KR,Gimcheon
222.103.185.193,50586,AS,KR,Gimcheon
222.103.185.193,24656,AS,KR,Gimcheon
222.103.185.193,11011,AS,KR,Gimcheon
222.103.185.193,20438,AS,KR,Gimcheon
222.106.126.224,50000,AS,KR,Gangdong-gu
222.107.125.203,30070,AS,KR,Gangnam-gu
222.113.74.67,50000,AS,KR,Wŏnju
222.114.189.204,10373,AS,KR,Yongin-si
222.114.189.204,16850,AS,KR,Yongin-si
222.96.197.31,50000,AS,KR,Saha-gu
27.100.229.147,50000,AS,KR,Jeju City
39.114.198.93,13329,AS,KR,Jeju City
39.116.19.171,50004,AS,KR,Dalseo-gu
42.82.230.32,50000,AS,KR,Busanjin-gu
49.166.202.100,30045,AS,KR,Yeonsu-gu
49.166.202.100,30065,AS,KR,Yeonsu-gu
49.167.61.27,13623,AS,KR,Yeonsu-gu
49.167.61.27,14460,AS,KR,Yeonsu-gu
49.167.61.27,23084,AS,KR,Yeonsu-gu
49.167.61.27,15326,AS,KR,Yeonsu-gu
49.167.61.27,21838,AS,KR,Yeonsu-gu
49.167.61.27,27542,AS,KR,Yeonsu-gu
49.167.61.27,20876,AS,KR,Yeonsu-gu
49.167.61.27,14870,AS,KR,Yeonsu-gu
49.167.61.27,37798,AS,KR,Yeonsu-gu
49.167.61.27,19412,AS,KR,Yeonsu-gu
49.167.61.27,17943,AS,KR,Yeonsu-gu
49.167.61.27,19098,AS,KR,Yeonsu-gu
49.167.61.27,28209,AS,KR,Yeonsu-gu
49.167.62.11,24904,AS,KR,Yeonsu-gu
49.171.120.159,12534,AS,KR,Gangseo-gu
49.171.243.145,50027,AS,KR,Yangju
49.171.243.145,30055,AS,KR,Yangju
49.171.243.145,30049,AS,KR,Yangju
49.171.48.200,50003,AS,KR,Seongdong-gu
49.171.48.200,20215,AS,KR,Seongdong-gu
49.171.48.200,30078,AS,KR,Seongdong-gu
49.171.48.200,23391,AS,KR,Seongdong-gu
49.171.48.200,20040,AS,KR,Seongdong-gu
49.171.48.200,11936,AS,KR,Seongdong-gu
49.171.48.200,31218,AS,KR,Seongdong-gu
49.171.48.200,50000,AS,KR,Seongdong-gu
49.175.158.24,50000,AS,KR,Dongdaemun
49.246.39.46,23132,AS,KR,Nam-gu
49.246.39.46,11325,AS,KR,Nam-gu
49.246.39.46,29446,AS,KR,Nam-gu
49.246.39.46,38904,AS,KR,Nam-gu
52.141.25.42,443,AS,KR,Seoul
54.180.202.133,8443,AS,KR,Incheon
54.180.202.133,2053,AS,KR,Incheon
58.230.90.195,50004,AS,KR,Gangnam-gu
58.65.124.83,19761,AS,KR,Jinju
58.72.194.86,50000,AS,KR,Unknown
58.78.224.238,50000,AS,KR,Pyeongtaek-si
59.11.31.107,38203,AS,KR,Yongin-si
59.11.31.107,13863,AS,KR,Yongin-si
59.11.31.107,36183,AS,KR,Yongin-si
59.11.31.107,11758,AS,KR,Yongin-si
59.11.31.107,30063,AS,KR,Yongin-si
59.11.31.107,34637,AS,KR,Yongin-si
59.11.31.107,31269,AS,KR,Yongin-si
59.11.31.107,30906,AS,KR,Yongin-si
59.11.31.107,13844,AS,KR,Yongin-si
59.11.31.107,17927,AS,KR,Yongin-si
59.11.31.107,27131,AS,KR,Yongin-si
59.11.31.107,11815,AS,KR,Yongin-si
59.15.182.92,30019,AS,KR,Gangseo-gu
59.15.182.92,22485,AS,KR,Gangseo-gu
59.15.182.92,50000,AS,KR,Gangseo-gu
59.15.182.92,24550,AS,KR,Gangseo-gu
59.15.182.92,30016,AS,KR,Gangseo-gu
59.15.182.92,23549,AS,KR,Gangseo-gu
59.15.182.92,25962,AS,KR,Gangseo-gu
59.15.182.92,30017,AS,KR,Gangseo-gu
59.18.142.93,19237,AS,KR,Suwon
59.18.142.93,34774,AS,KR,Suwon
59.18.142.93,15675,AS,KR,Suwon
59.18.142.93,29443,AS,KR,Suwon
59.18.142.93,11280,AS,KR,Suwon
59.18.169.121,50000,AS,KR,Suwon
59.2.114.243,22122,AS,KR,Unknown
59.2.114.243,25224,AS,KR,Unknown
59.22.88.168,50000,AS,KR,Geumjeong-gu
59.23.21.147,30045,AS,KR,Gumi
59.26.30.111,13364,AS,KR,Sejong
59.26.30.111,17682,AS,KR,Sejong
59.26.30.111,31796,AS,KR,Sejong
59.26.30.111,25568,AS,KR,Sejong
59.26.30.111,36840,AS,KR,Sejong
59.26.30.111,11559,AS,KR,Sejong
59.26.30.111,17141,AS,KR,Sejong
59.26.30.111,21632,AS,KR,Sejong
59.29.207.11,36215,AS,KR,Gangneung
59.29.207.11,30066,AS,KR,Gangneung
59.29.59.109,30059,AS,KR,Inje-gun
59.5.26.56,23132,AS,KR,Seongbuk-gu
59.5.26.56,25854,AS,KR,Seongbuk-gu
59.5.26.56,38781,AS,KR,Seongbuk-gu
59.5.53.119,20315,AS,KR,Seoul
59.5.53.119,18548,AS,KR,Seoul
59.5.53.119,23349,AS,KR,Seoul
59.5.53.119,10098,AS,KR,Seoul
59.5.53.119,14982,AS,KR,Seoul
59.9.247.225,10993,AS,KR,Mapo-gu
61.36.172.75,50000,AS,KR,Gimpo-si
61.36.58.170,30047,AS,KR,Yongin-si
61.36.58.170,30051,AS,KR,Yongin-si
61.37.230.26,31173,AS,KR,Seongnam-si
61.73.36.4,36863,AS,KR,Mapo-gu
61.73.36.4,20364,AS,KR,Mapo-gu
61.73.36.4,25700,AS,KR,Mapo-gu
61.73.36.4,25388,AS,KR,Mapo-gu
61.74.124.238,13554,AS,KR,Seocho-gu
61.74.124.238,16276,AS,KR,Seocho-gu
61.74.124.238,24346,AS,KR,Seocho-gu
61.74.124.238,19920,AS,KR,Seocho-gu
61.74.124.238,22697,AS,KR,Seocho-gu
61.74.124.238,17696,AS,KR,Seocho-gu
61.74.124.238,11534,AS,KR,Seocho-gu
61.74.124.238,19841,AS,KR,Seocho-gu
61.74.124.238,35512,AS,KR,Seocho-gu
61.74.124.238,14921,AS,KR,Seocho-gu
61.76.198.73,50000,AS,KR,Busan
61.76.198.73,30066,AS,KR,Busan
61.80.99.5,10199,AS,KR,Seo-gu
61.80.99.5,32941,AS,KR,Seo-gu
61.83.219.114,14491,AS,KR,Siheung-si
61.85.76.39,50000,AS,KR,Nam-gu
64.110.70.205,23022,AS,KR,Seoul
8.213.137.24,443,AS,KR,Seoul
101.32.247.126,725,AS,SG,Unknown
103.79.79.128,45501,AS,SG,Unknown
104.248.145.216,443,AS,SG,Singapore
128.199.171.100,8443,AS,SG,Singapore
128.199.171.100,2053,AS,SG,Singapore
129.150.36.188,53435,AS,SG,Kampong Loyang
129.150.41.174,16462,AS,SG,Kampong Loyang
129.150.49.58,18650,AS,SG,Kampong Loyang
129.150.50.21,44009,AS,SG,Kampong Loyang
129.150.58.86,57621,AS,SG,Kampong Loyang
13.250.131.37,443,AS,SG,Singapore
13.250.14.76,443,AS,SG,Singapore
138.2.100.221,26621,AS,SG,Kampong Loyang
138.2.101.213,15204,AS,SG,Kampong Loyang
138.2.69.236,23334,AS,SG,Kampong Loyang
138.2.74.219,28616,AS,SG,Kampong Loyang
138.2.75.219,39341,AS,SG,Kampong Loyang
138.2.77.179,30018,AS,SG,Kampong Loyang
138.2.81.243,45319,AS,SG,Kampong Loyang
138.2.89.238,43254,AS,SG,Kampong Loyang
138.2.89.64,32962,AS,SG,Kampong Loyang
138.2.90.127,55555,AS,SG,Kampong Loyang
138.2.91.98,9711,AS,SG,Kampong Loyang
138.2.95.61,1111,AS,SG,Kampong Loyang
139.162.33.248,587,AS,SG,Singapore
139.180.215.77,57878,AS,SG,Singapore
143.198.196.196,2053,AS,SG,Singapore
143.198.196.196,8443,AS,SG,Singapore
143.42.66.91,443,AS,SG,Singapore
146.235.18.248,45137,AS,SG,Kampong Loyang
146.235.19.79,28983,AS,SG,Kampong Loyang
15.235.199.103,2053,AS,SG,Unknown
15.235.199.103,8443,AS,SG,Unknown
150.109.24.233,6666,AS,SG,Singapore
150.109.94.144,8900,AS,SG,Singapore
152.69.220.136,53076,AS,SG,Kampong Loyang
152.69.221.114,23302,AS,SG,Kampong Loyang
154.91.84.10,8443,AS,SG,Singapore
158.178.236.14,61731,AS,SG,Kampong Loyang
158.178.243.152,61731,AS,SG,Kampong Loyang
158.178.246.142,61731,AS,SG,Kampong Loyang
161.117.249.114,2025,AS,SG,Unknown
163.47.9.27,2053,AS,SG,Singapore
163.47.9.27,8443,AS,SG,Singapore
164.52.2.100,443,AS,SG,Unknown
164.52.2.98,443,AS,SG,Unknown
164.52.2.99,443,AS,SG,Unknown
167.253.158.63,2053,AS,SG,Singapore
167.253.158.63,8443,AS,SG,Singapore
168.138.165.174,443,AS,SG,Kampong Loyang
168.138.166.213,10500,AS,SG,Kampong Loyang
168.138.170.211,53702,AS,SG,Kampong Loyang
168.138.171.70,23280,AS,SG,Kampong Loyang
168.138.181.188,61731,AS,SG,Kampong Loyang
168.138.184.142,19191,AS,SG,Kampong Loyang
168.138.184.172,443,AS,SG,Kampong Loyang
178.128.80.43,443,AS,SG,Singapore
185.114.78.230,443,AS,SG,Singapore
185.81.28.95,30503,AS,SG,Singapore
185.81.29.113,8080,AS,SG,Singapore
192.53.113.156,587,AS,SG,Singapore
194.127.193.124,24467,AS,SG,Singapore
194.127.193.240,50791,AS,SG,Singapore
194.36.178.36,2053,AS,SG,Singapore
194.36.178.36,8443,AS,SG,Singapore
194.36.179.17,2053,AS,SG,Singapore
194.36.179.17,8443,AS,SG,Singapore
194.36.179.5,2053,AS,SG,Singapore
202.91.32.252,15377,AS,SG,Unknown
206.206.76.208,8443,AS,SG,Singapore
206.206.76.208,2053,AS,SG,Singapore
209.182.237.252,8080,AS,SG,Singapore
213.35.100.31,47112,AS,SG,Kampong Loyang
213.35.107.73,443,AS,SG,Kampong Loyang
213.35.108.135,12596,AS,SG,Kampong Loyang
213.35.125.129,6434,AS,SG,Kampong Loyang
3.1.116.161,2053,AS,SG,Singapore
3.1.116.161,8443,AS,SG,Singapore
31.192.238.71,2053,AS,SG,Singapore
31.192.238.71,8443,AS,SG,Singapore
38.181.70.7,16240,AS,SG,Queenstown Estate
38.54.16.95,2053,AS,SG,Singapore
43.128.95.84,38091,AS,SG,Singapore
43.134.181.60,38371,AS,SG,Singapore
43.156.116.194,443,AS,SG,Singapore
43.156.181.203,443,AS,SG,Singapore
43.156.253.94,443,AS,SG,Singapore
43.156.26.205,23654,AS,SG,Singapore
43.245.198.240,587,AS,SG,Singapore
45.129.228.31,8443,AS,SG,Singapore
45.32.100.46,13802,AS,SG,Singapore
45.76.156.96,2053,AS,SG,Singapore
45.76.183.217,49292,AS,SG,Singapore
47.236.119.190,51342,AS,SG,Unknown
47.236.181.185,8443,AS,SG,Unknown
47.236.22.194,52324,AS,SG,Unknown
47.236.246.163,14108,AS,SG,Unknown
47.236.25.107,27903,AS,SG,Unknown
47.236.86.17,49257,AS,SG,Unknown
47.245.91.197,9000,AS,SG,Unknown
47.245.95.160,1443,AS,SG,Unknown
47.74.254.191,8900,AS,SG,Singapore
5.223.49.4,2053,AS,SG,Singapore
5.34.176.119,81,AS,SG,Singapore
51.79.158.126,443,AS,SG,Singapore
51.79.158.58,2053,AS,SG,Singapore
51.79.158.58,8443,AS,SG,Singapore
51.79.254.182,443,AS,SG,Singapore
54.169.229.188,443,AS,SG,Singapore
62.72.46.14,8443,AS,SG,Singapore
64.49.14.41,8443,AS,SG,Singapore
64.49.14.41,2053,AS,SG,Singapore
68.183.179.5,2053,AS,SG,Singapore
68.183.179.5,8443,AS,SG,Singapore
8.219.1.169,443,AS,SG,Singapore
8.219.14.21,23943,AS,SG,Singapore
8.219.237.57,31523,AS,SG,Unknown
8.219.58.164,57373,AS,SG,Singapore
8.219.59.132,48130,AS,SG,Singapore
8.219.59.132,48964,AS,SG,Singapore
8.219.77.72,5027,AS,SG,Singapore
8.222.129.175,58808,AS,SG,Unknown
8.222.165.104,443,AS,SG,Unknown
8.222.178.214,6666,AS,SG,Unknown
8.222.220.81,25435,AS,SG,Unknown
8.222.243.73,26385,AS,SG,Unknown
83.142.30.4,2096,AS,SG,Unknown
83.142.30.5,2096,AS,SG,Unknown
91.192.81.154,8443,AS,SG,Singapore
91.192.81.154,2053,AS,SG,Singapore
97.74.82.87,45837,AS,SG,Singapore
5.180.55.184,2053,EU,SK,Bratislava
103.106.230.186,81,AS,TW,Taipei
103.137.63.205,31564,AS,TW,Unknown
103.159.207.168,2443,AS,TW,Unknown
103.159.207.168,2086,AS,TW,Unknown
103.159.207.172,2086,AS,TW,Unknown
116.241.116.184,20242,AS,TW,Taichung
118.163.37.32,81,AS,TW,Taoyuan District
141.11.86.109,8080,AS,TW,Taipei
141.11.86.94,18333,AS,TW,Taipei
141.11.87.111,8080,AS,TW,Taipei
175.97.191.217,30100,AS,TW,Unknown
188.253.6.210,443,AS,TW,Unknown
188.253.6.53,25884,AS,TW,Unknown
202.39.212.181,18402,AS,TW,New Taipei City
202.39.212.181,25062,AS,TW,New Taipei City
202.39.212.181,18990,AS,TW,New Taipei City
210.61.97.241,81,AS,TW,Guishan
210.79.155.242,443,AS,TW,Unknown
220.130.80.171,20655,AS,TW,Chang-hua
220.135.202.250,81,AS,TW,Taipei
35.201.203.106,443,AS,TW,Taipei
37.128.252.113,31141,AS,TW,Taipei
37.128.252.196,8080,AS,TW,Taipei
60.249.114.181,32003,AS,TW,Taichung
60.249.114.181,26398,AS,TW,Taichung
60.249.114.181,21574,AS,TW,Taichung
61.222.146.15,28227,AS,TW,Hsinchu
61.63.235.53,25957,AS,TW,Xitun
194.38.20.78,443,EU,UA,Dnipro
45.137.155.232,433,EU,UA,Kyiv
91.218.212.223,443,EU,UA,Unknown
103.170.72.120,25956,NA,US,Los Angeles
103.170.72.120,25122,NA,US,Los Angeles
103.170.72.120,27013,NA,US,Los Angeles
103.170.72.120,25111,NA,US,Los Angeles
103.170.72.120,27033,NA,US,Los Angeles
103.170.72.120,27051,NA,US,Los Angeles
103.170.72.129,25122,NA,US,Los Angeles
103.170.72.129,27053,NA,US,Los Angeles
103.170.72.129,27054,NA,US,Los Angeles
103.170.72.129,25950,NA,US,Los Angeles
103.89.12.224,5543,NA,US,Miami
103.89.12.224,5953,NA,US,Miami
104.128.89.43,23357,NA,US,Los Angeles
104.160.43.220,443,NA,US,Los Angeles
104.168.102.13,32506,NA,US,Santa Clara
104.168.102.163,443,NA,US,Santa Clara
104.168.167.197,27213,NA,US,Unknown
104.168.176.241,24264,NA,US,Unknown
104.168.250.56,54667,NA,US,Unknown
104.168.56.93,12138,NA,US,Buffalo
104.168.58.31,443,NA,US,Buffalo
104.168.59.6,18914,NA,US,Buffalo
104.168.87.41,16443,NA,US,Santa Clara
104.194.86.106,9443,NA,US,Los Angeles
104.207.154.115,57126,NA,US,Los Angeles
104.207.159.165,8088,NA,US,Kent
104.224.176.138,37269,NA,US,Los Angeles
104.224.177.224,8443,NA,US,Los Angeles
104.225.157.167,52531,NA,US,Los Angeles
104.233.185.39,58486,NA,US,Unknown
104.233.185.39,14685,NA,US,Unknown
104.233.185.39,30440,NA,US,Unknown
104.234.36.27,33388,NA,US,Los Angeles
104.234.50.109,2053,NA,US,Warrenton
104.234.50.12,2053,NA,US,Warrenton
104.234.50.12,8443,NA,US,Warrenton
104.234.50.127,2053,NA,US,Warrenton
104.234.50.127,8443,NA,US,Warrenton
104.234.50.128,443,NA,US,Warrenton
104.234.50.153,2053,NA,US,Warrenton
104.234.50.174,2053,NA,US,Warrenton
104.234.50.19,2053,NA,US,Warrenton
104.234.50.193,2053,NA,US,Warrenton
104.234.50.225,2053,NA,US,Warrenton
104.234.50.232,2053,NA,US,Warrenton
104.234.50.232,8443,NA,US,Warrenton
104.234.50.27,8443,NA,US,Warrenton
104.234.50.27,2053,NA,US,Warrenton
104.234.50.56,2053,NA,US,Warrenton
104.234.50.72,2053,NA,US,Warrenton
104.234.50.97,2053,NA,US,Warrenton
104.243.23.10,22085,NA,US,Los Angeles
104.243.23.100,29857,NA,US,Los Angeles
104.243.26.171,42695,NA,US,Los Angeles
104.243.26.171,51136,NA,US,Los Angeles
104.243.31.231,25722,NA,US,Los Angeles
104.244.92.88,443,NA,US,New York
107.148.20.127,29500,NA,US,Los Angeles
107.148.28.125,20936,NA,US,Los Angeles
107.172.100.104,8898,NA,US,Santa Clara
107.172.100.43,26001,NA,US,Santa Clara
107.172.102.212,20700,NA,US,Santa Clara
107.172.103.195,16011,NA,US,Santa Clara
107.172.103.195,16086,NA,US,Santa Clara
107.172.103.195,16014,NA,US,Santa Clara
107.172.103.195,16026,NA,US,Santa Clara
107.172.103.195,16094,NA,US,Santa Clara
107.172.103.195,16009,NA,US,Santa Clara
107.172.103.195,16096,NA,US,Santa Clara
107.172.103.195,16010,NA,US,Santa Clara
107.172.103.195,16007,NA,US,Santa Clara
107.172.103.195,16033,NA,US,Santa Clara
107.172.103.195,16063,NA,US,Santa Clara
107.172.103.195,16089,NA,US,Santa Clara
107.172.103.195,16027,NA,US,Santa Clara
107.172.103.195,16043,NA,US,Santa Clara
107.172.103.195,16034,NA,US,Santa Clara
107.172.103.195,16099,NA,US,Santa Clara
107.172.103.195,16002,NA,US,Santa Clara
107.172.103.195,16008,NA,US,Santa Clara
107.172.103.195,16079,NA,US,Santa Clara
107.172.103.195,16017,NA,US,Santa Clara
107.172.103.195,16057,NA,US,Santa Clara
107.172.103.195,16038,NA,US,Santa Clara
107.172.103.195,16025,NA,US,Santa Clara
107.172.103.195,23456,NA,US,Santa Clara
107.172.103.195,16053,NA,US,Santa Clara
107.172.103.195,16051,NA,US,Santa Clara
107.172.103.195,16022,NA,US,Santa Clara
107.172.103.195,16006,NA,US,Santa Clara
107.172.103.195,16031,NA,US,Santa Clara
107.172.103.195,16060,NA,US,Santa Clara
107.172.103.195,16081,NA,US,Santa Clara
107.172.103.195,16045,NA,US,Santa Clara
107.172.103.195,16100,NA,US,Santa Clara
107.172.103.195,16044,NA,US,Santa Clara
107.172.103.195,16013,NA,US,Santa Clara
107.172.103.195,16093,NA,US,Santa Clara
107.172.103.195,16070,NA,US,Santa Clara
107.172.103.195,16000,NA,US,Santa Clara
107.172.103.195,16098,NA,US,Santa Clara
107.172.103.195,16083,NA,US,Santa Clara
107.172.103.195,16078,NA,US,Santa Clara
107.172.103.195,16015,NA,US,Santa Clara
107.172.103.195,16071,NA,US,Santa Clara
107.172.103.195,16001,NA,US,Santa Clara
107.172.103.195,16092,NA,US,Santa Clara
107.172.103.195,16040,NA,US,Santa Clara
107.172.103.195,16087,NA,US,Santa Clara
107.172.103.195,16004,NA,US,Santa Clara
107.172.103.195,16016,NA,US,Santa Clara
107.172.108.219,38631,NA,US,Santa Clara
107.172.142.156,443,NA,US,Buffalo
107.172.159.182,443,NA,US,Marietta
107.172.167.194,443,NA,US,Ashburn
107.172.190.175,443,NA,US,Buffalo
107.172.218.244,47452,NA,US,Santa Clara
107.172.235.61,4344,NA,US,Los Angeles
107.172.235.66,8443,NA,US,Los Angeles
107.172.30.7,49710,NA,US,Santa Clara
107.172.6.51,443,NA,US,Ashburn
107.172.90.21,443,NA,US,Buffalo
107.172.94.35,443,NA,US,Buffalo
107.172.97.143,50150,NA,US,Santa Clara
107.173.147.41,27170,NA,US,Santa Clara
107.173.147.41,36082,NA,US,Santa Clara
107.173.147.41,35398,NA,US,Santa Clara
107.173.171.241,443,NA,US,Buffalo
107.173.241.242,44250,NA,US,Buffalo
107.173.244.150,8181,NA,US,Seattle
107.173.244.203,22289,NA,US,Seattle
107.173.250.62,444,NA,US,Buffalo
107.173.251.119,443,NA,US,Buffalo
107.173.30.154,27149,NA,US,Buffalo
107.173.51.134,4433,NA,US,Buffalo
107.173.54.243,443,NA,US,Buffalo
107.173.7.180,20174,NA,US,Buffalo
107.173.7.180,47584,NA,US,Buffalo
107.173.7.227,443,NA,US,Buffalo
107.173.84.99,45630,NA,US,Santa Clara
107.173.87.103,443,NA,US,Santa Clara
107.173.87.79,8443,NA,US,Santa Clara
107.173.89.213,11516,NA,US,Buffalo
107.174.158.114,15505,NA,US,Dallas
107.174.176.31,38036,NA,US,Santa Clara
107.174.180.66,13003,NA,US,Santa Clara
107.174.186.157,42638,NA,US,Santa Clara
107.174.186.27,50341,NA,US,Santa Clara
107.174.218.60,20172,NA,US,Santa Clara
107.174.228.38,23234,NA,US,Dallas
107.174.242.151,34561,NA,US,Seattle
107.174.253.75,443,NA,US,Santa Clara
107.174.255.41,33561,NA,US,Santa Clara
107.174.63.237,443,NA,US,Buffalo
107.174.93.186,52995,NA,US,Dallas
107.175.124.81,8081,NA,US,Buffalo
107.175.158.215,443,NA,US,Buffalo
107.175.183.62,443,NA,US,Marietta
107.175.2.53,443,NA,US,Buffalo
107.175.222.33,8443,NA,US,Ashburn
107.175.224.85,10011,NA,US,Los Angeles
107.175.245.42,54019,NA,US,Ashburn
107.175.245.68,50242,NA,US,Ashburn
107.175.254.239,39128,NA,US,Santa Clara
107.175.28.15,31947,NA,US,Santa Clara
107.175.35.20,27661,NA,US,Buffalo
107.175.35.20,52290,NA,US,Buffalo
107.175.35.49,443,NA,US,Buffalo
107.175.69.166,2053,NA,US,Buffalo
107.175.69.166,443,NA,US,Buffalo
107.182.17.246,34401,NA,US,Los Angeles
107.182.17.246,27116,NA,US,Los Angeles
107.182.179.27,2443,NA,US,Los Angeles
107.182.187.11,57050,NA,US,Los Angeles
107.182.27.151,443,NA,US,Los Angeles
108.174.57.199,443,NA,US,Buffalo
129.146.114.239,44039,NA,US,Phoenix
129.146.198.253,28443,NA,US,Phoenix
129.146.22.121,41913,NA,US,Phoenix
129.146.41.70,11835,NA,US,Phoenix
129.146.46.164,443,NA,US,Phoenix
129.146.6.2,929,NA,US,Phoenix
129.146.63.38,24628,NA,US,Phoenix
129.146.89.30,37687,NA,US,Phoenix
129.146.89.30,31134,NA,US,Phoenix
129.153.112.108,3966,NA,US,Phoenix
129.153.127.204,20756,NA,US,Phoenix
129.153.193.161,42510,NA,US,Phoenix
129.153.91.86,3701,NA,US,Phoenix
129.159.118.130,18513,NA,US,Ashburn
129.159.32.235,53520,NA,US,San Jose
129.159.37.19,30488,NA,US,San Jose
129.159.84.71,443,NA,US,Ashburn
129.213.136.180,443,NA,US,Ashburn
129.213.22.27,11650,NA,US,Ashburn
13.57.241.143,80,NA,US,San Jose
13.68.186.91,443,NA,US,Washington
13.92.27.195,18443,NA,US,Washington
132.145.217.215,11002,NA,US,Ashburn
132.145.217.215,11001,NA,US,Ashburn
132.226.119.111,24361,NA,US,Phoenix
137.184.182.106,443,NA,US,Santa Clara
137.220.36.181,38509,NA,US,Kent
138.124.180.18,2053,NA,US,Secaucus
138.128.222.154,443,NA,US,Los Angeles
138.197.9.141,6000,NA,US,Clifton
138.2.231.58,45638,NA,US,San Jose
138.2.232.156,28163,NA,US,San Jose
138.2.235.230,22731,NA,US,San Jose
139.144.202.90,587,NA,US,Ashburn
139.144.207.194,587,NA,US,Ashburn
139.60.162.153,443,NA,US,New York
141.11.136.193,53300,NA,US,Los Angeles
141.11.210.29,443,NA,US,Los Angeles
141.11.92.161,7555,NA,US,Los Angeles
141.11.95.10,18443,NA,US,Los Angeles
141.11.95.35,35443,NA,US,Los Angeles
141.148.1.34,38589,NA,US,Ashburn
141.148.153.223,36818,NA,US,Phoenix
141.148.164.136,34532,NA,US,Phoenix
141.148.164.46,57239,NA,US,Phoenix
141.148.181.105,38945,NA,US,Phoenix
141.148.187.195,443,NA,US,Phoenix
142.171.103.214,51095,NA,US,Los Angeles
142.171.113.131,8443,NA,US,Los Angeles
142.171.12.22,443,NA,US,Los Angeles
142.171.12.43,12263,NA,US,Los Angeles
142.171.131.17,8443,NA,US,Los Angeles
142.171.133.103,35398,NA,US,Los Angeles
142.171.133.103,27170,NA,US,Los Angeles
142.171.133.103,36082,NA,US,Los Angeles
142.171.136.53,13045,NA,US,Los Angeles
142.171.137.37,8443,NA,US,Los Angeles
142.171.14.102,27510,NA,US,Los Angeles
142.171.140.152,443,NA,US,Los Angeles
142.171.147.201,20274,NA,US,Los Angeles
142.171.156.141,21182,NA,US,Los Angeles
142.171.156.182,15801,NA,US,Los Angeles
142.171.16.28,39518,NA,US,Los Angeles
142.171.166.116,8443,NA,US,Los Angeles
142.171.176.122,55134,NA,US,Los Angeles
142.171.176.158,49233,NA,US,Los Angeles
142.171.176.158,37629,NA,US,Los Angeles
142.171.178.24,8443,NA,US,Los Angeles
142.171.192.140,10001,NA,US,Los Angeles
142.171.193.7,56667,NA,US,Los Angeles
142.171.202.202,33538,NA,US,Los Angeles
142.171.202.202,21425,NA,US,Los Angeles
142.171.204.111,30843,NA,US,Los Angeles
142.171.228.17,18714,NA,US,Los Angeles
142.171.233.183,443,NA,US,Los Angeles
142.171.239.155,10012,NA,US,Los Angeles
142.171.30.213,993,NA,US,Los Angeles
142.171.30.213,995,NA,US,Los Angeles
142.171.30.214,995,NA,US,Los Angeles
142.171.30.214,993,NA,US,Los Angeles
142.171.30.214,443,NA,US,Los Angeles
142.171.30.214,8443,NA,US,Los Angeles
142.171.31.155,27193,NA,US,Los Angeles
142.171.31.155,27865,NA,US,Los Angeles
142.171.36.3,43553,NA,US,Los Angeles
142.171.38.53,2095,NA,US,Los Angeles
142.171.38.53,8880,NA,US,Los Angeles
142.171.38.53,2333,NA,US,Los Angeles
142.171.52.104,9933,NA,US,Los Angeles
142.171.53.195,49585,NA,US,Los Angeles
142.171.53.195,58204,NA,US,Los Angeles
142.171.62.74,23547,NA,US,Los Angeles
142.171.73.215,33083,NA,US,Los Angeles
142.171.75.222,17628,NA,US,Los Angeles
142.171.76.55,8898,NA,US,Los Angeles
142.171.83.108,22555,NA,US,Los Angeles
142.171.83.108,21015,NA,US,Los Angeles
142.171.85.116,53021,NA,US,Los Angeles
142.171.85.230,28034,NA,US,Los Angeles
142.171.94.100,9960,NA,US,Los Angeles
142.171.94.70,27149,NA,US,Los Angeles
144.168.56.119,40864,NA,US,Los Angeles
144.168.62.18,51204,NA,US,Los Angeles
144.202.110.174,26932,NA,US,Unknown
144.202.110.174,55148,NA,US,Unknown
144.202.110.223,35740,NA,US,Unknown
144.34.170.149,2000,NA,US,Los Angeles
144.34.179.158,57244,NA,US,Los Angeles
144.34.184.181,33741,NA,US,Los Angeles
144.34.186.222,8443,NA,US,Los Angeles
146.235.209.40,58869,NA,US,San Jose
147.135.10.209,443,NA,US,Unknown
147.182.246.69,58017,NA,US,Santa Clara
147.45.79.136,443,NA,US,Los Angeles
148.135.101.29,28990,NA,US,Los Angeles
148.135.106.248,18454,NA,US,Los Angeles
148.135.110.150,48503,NA,US,Los Angeles
148.135.119.101,57478,NA,US,Los Angeles
148.135.15.148,443,NA,US,Los Angeles
148.135.17.203,31147,NA,US,Los Angeles
148.135.17.203,23469,NA,US,Los Angeles
148.135.22.233,48625,NA,US,Los Angeles
148.135.36.34,29654,NA,US,Los Angeles
148.135.5.55,34215,NA,US,Los Angeles
148.135.52.250,48993,NA,US,Los Angeles
148.135.56.163,443,NA,US,Los Angeles
148.135.59.174,54824,NA,US,Los Angeles
148.135.73.14,45047,NA,US,Los Angeles
148.135.73.14,34958,NA,US,Los Angeles
148.135.95.213,58452,NA,US,Los Angeles
148.135.96.161,38307,NA,US,Los Angeles
149.248.21.85,11146,NA,US,Los Angeles
149.248.7.208,443,NA,US,Los Angeles
149.28.91.206,45628,NA,US,Los Angeles
15.204.10.80,24906,NA,US,Hillsboro
15.204.10.80,10568,NA,US,Hillsboro
15.204.10.80,49404,NA,US,Hillsboro
15.204.10.80,22064,NA,US,Hillsboro
15.204.10.80,46332,NA,US,Hillsboro
15.204.10.80,36683,NA,US,Hillsboro
15.204.10.80,57023,NA,US,Hillsboro
15.204.10.80,43246,NA,US,Hillsboro
15.204.10.80,53089,NA,US,Hillsboro
15.204.10.80,39268,NA,US,Hillsboro
15.204.205.208,449,NA,US,Reston
15.204.57.47,7267,NA,US,Hillsboro
15.204.67.30,2083,NA,US,Hillsboro
150.136.86.191,15081,NA,US,Ashburn
150.230.168.70,50479,NA,US,Ashburn
150.230.33.247,19131,NA,US,San Jose
152.67.230.69,59674,NA,US,San Jose
152.67.235.3,88,NA,US,San Jose
152.67.248.2,53300,NA,US,San Jose
152.67.250.9,59910,NA,US,San Jose
152.70.112.175,14873,NA,US,San Jose
152.70.113.150,52125,NA,US,San Jose
152.70.125.165,32174,NA,US,San Jose
152.70.143.175,29187,NA,US,Phoenix
152.70.155.147,443,NA,US,Phoenix
154.12.53.209,48873,NA,US,Los Angeles
154.17.21.134,18446,NA,US,Los Angeles
154.17.29.80,50235,NA,US,Los Angeles
154.21.90.72,36532,NA,US,Los Angeles
154.29.146.197,587,NA,US,Los Angeles
154.29.147.199,443,NA,US,Los Angeles
154.29.150.2,8080,NA,US,Los Angeles
154.29.155.249,443,NA,US,Los Angeles
154.29.159.146,587,NA,US,Los Angeles
154.37.211.113,13614,NA,US,Los Angeles
154.37.211.162,13614,NA,US,Los Angeles
154.37.211.197,13614,NA,US,Los Angeles
154.37.211.4,13614,NA,US,Los Angeles
154.37.211.46,13614,NA,US,Los Angeles
154.37.211.76,13614,NA,US,Los Angeles
154.44.12.216,38527,NA,US,Los Angeles
154.55.138.210,20015,NA,US,Unknown
154.55.138.210,20006,NA,US,Unknown
154.55.138.210,20021,NA,US,Unknown
154.55.138.210,20007,NA,US,Unknown
154.55.138.210,20009,NA,US,Unknown
154.55.138.210,20017,NA,US,Unknown
154.55.138.210,20003,NA,US,Unknown
154.55.138.210,20010,NA,US,Unknown
154.55.138.210,20022,NA,US,Unknown
154.55.138.210,20004,NA,US,Unknown
154.55.138.210,20001,NA,US,Unknown
154.55.138.210,20002,NA,US,Unknown
154.55.138.210,20005,NA,US,Unknown
154.64.225.139,30371,NA,US,Los Angeles
154.64.241.72,58284,NA,US,Los Angeles
154.9.206.198,443,NA,US,Los Angeles
155.138.164.204,443,NA,US,Atlanta
155.248.193.100,33189,NA,US,San Jose
155.248.198.56,34488,NA,US,San Jose
155.248.204.140,39089,NA,US,San Jose
155.248.214.92,52580,NA,US,San Jose
156.154.245.83,443,NA,US,Unknown
156.251.180.181,21698,NA,US,Unknown
157.245.139.136,1443,NA,US,North Bergen
157.245.243.119,443,NA,US,North Bergen
157.254.227.37,587,NA,US,New York
158.101.11.204,15805,NA,US,Phoenix
158.101.24.17,443,NA,US,Phoenix
158.101.28.188,587,NA,US,Phoenix
158.101.39.0,42979,NA,US,Phoenix
159.223.165.81,1100,NA,US,North Bergen
159.65.162.90,4431,NA,US,Clifton
162.219.120.218,443,NA,US,Los Angeles
164.152.17.14,443,NA,US,Chicago
164.152.26.70,1354,NA,US,Chicago
165.1.71.204,46597,NA,US,San Jose
165.227.254.104,1100,NA,US,North Bergen
167.234.216.84,65501,NA,US,San Jose
167.71.243.238,21857,NA,US,Clifton
170.106.106.230,36467,NA,US,Santa Clara
170.205.38.77,443,NA,US,Los Angeles
172.232.23.86,587,NA,US,Chicago
172.235.40.214,36768,NA,US,Los Angeles
172.235.49.135,17973,NA,US,Los Angeles
172.245.111.20,443,NA,US,Buffalo
172.245.118.118,10177,NA,US,Buffalo
172.245.129.72,27486,NA,US,Elk Grove Village
172.245.156.220,443,NA,US,Buffalo
172.245.226.156,443,NA,US,Dallas
172.245.34.242,54321,NA,US,Elk Grove Village
172.82.16.38,27033,NA,US,Santa Clara
172.82.16.38,27053,NA,US,Santa Clara
172.82.16.38,25122,NA,US,Santa Clara
172.82.16.38,25956,NA,US,Santa Clara
172.82.16.38,25953,NA,US,Santa Clara
172.82.16.38,30387,NA,US,Santa Clara
172.82.16.38,31005,NA,US,Santa Clara
172.82.16.38,27050,NA,US,Santa Clara
172.82.16.38,25950,NA,US,Santa Clara
172.82.16.38,27061,NA,US,Santa Clara
172.82.16.38,27043,NA,US,Santa Clara
172.83.159.4,16478,NA,US,Seattle
172.83.159.4,41389,NA,US,Seattle
172.83.159.4,27398,NA,US,Seattle
172.93.43.15,8443,NA,US,Los Angeles
172.93.43.72,58385,NA,US,Los Angeles
172.93.46.140,587,NA,US,Los Angeles
172.96.192.109,22503,NA,US,Los Angeles
172.96.192.114,44855,NA,US,Los Angeles
172.96.193.137,20408,NA,US,Los Angeles
172.96.194.124,34555,NA,US,Los Angeles
172.96.209.184,53849,NA,US,Los Angeles
172.96.209.184,13733,NA,US,Los Angeles
172.96.211.147,12134,NA,US,Los Angeles
172.96.211.147,10942,NA,US,Los Angeles
172.96.211.147,12525,NA,US,Los Angeles
173.230.148.233,2053,NA,US,Fremont
173.242.123.213,443,NA,US,Los Angeles
173.242.126.123,60002,NA,US,Los Angeles
173.249.201.109,54443,NA,US,San Jose
173.249.203.187,13071,NA,US,Phoenix
173.249.203.187,20154,NA,US,Phoenix
173.249.203.187,51368,NA,US,Phoenix
173.249.203.187,48934,NA,US,Phoenix
173.249.209.140,32037,NA,US,San Jose
173.249.209.140,17323,NA,US,San Jose
173.249.209.140,42207,NA,US,San Jose
173.249.210.53,17750,NA,US,San Jose
173.255.223.221,587,NA,US,Fremont
173.44.139.118,8443,NA,US,Unknown
173.44.139.118,2053,NA,US,Unknown
173.44.139.49,443,NA,US,Unknown
173.44.141.156,8443,NA,US,Unknown
174.137.52.183,15968,NA,US,Fremont
174.137.52.235,50971,NA,US,Fremont
176.120.75.32,2061,NA,US,Secaucus
176.120.75.32,23352,NA,US,Secaucus
176.122.187.16,51121,NA,US,Los Angeles
176.124.205.92,8443,NA,US,Los Angeles
176.124.205.92,2053,NA,US,Los Angeles
178.236.246.249,2053,NA,US,Los Angeles
178.236.246.249,8443,NA,US,Los Angeles
178.236.247.200,8443,NA,US,Los Angeles
18.144.44.213,80,NA,US,San Jose
18.189.94.250,443,NA,US,Columbus
18.191.122.211,443,NA,US,Columbus
18.207.186.154,443,NA,US,Ashburn
18.209.235.219,443,NA,US,Ashburn
18.211.101.20,443,NA,US,Ashburn
18.216.55.100,443,NA,US,Columbus
18.222.145.58,443,NA,US,Columbus
18.235.208.126,443,NA,US,Ashburn
18.236.13.188,443,NA,US,Boardman
18.236.13.188,80,NA,US,Boardman
184.169.181.217,443,NA,US,San Jose
185.106.96.203,11338,NA,US,San Jose
192.18.142.49,33337,NA,US,San Jose
192.210.143.111,28425,NA,US,Seattle
192.210.161.147,443,NA,US,Buffalo
192.210.196.158,36414,NA,US,Santa Clara
192.227.133.142,2053,NA,US,Buffalo
192.227.148.245,27040,NA,US,Santa Clara
192.227.152.185,35098,NA,US,Buffalo
192.227.152.185,26461,NA,US,Buffalo
192.227.214.134,2083,NA,US,Buffalo
192.227.247.75,443,NA,US,Los Angeles
192.236.193.108,443,NA,US,Unknown
192.236.249.100,443,NA,US,Unknown
192.236.249.101,443,NA,US,Unknown
192.236.249.102,443,NA,US,Unknown
192.236.249.103,443,NA,US,Unknown
192.236.249.104,443,NA,US,Unknown
192.236.249.105,443,NA,US,Unknown
192.236.249.106,443,NA,US,Unknown
192.236.249.107,443,NA,US,Unknown
192.236.249.108,443,NA,US,Unknown
192.236.249.109,443,NA,US,Unknown
192.236.249.110,443,NA,US,Unknown
192.236.249.111,443,NA,US,Unknown
192.236.249.88,443,NA,US,Unknown
192.236.249.89,443,NA,US,Unknown
192.236.249.90,443,NA,US,Unknown
192.236.249.91,443,NA,US,Unknown
192.236.249.92,443,NA,US,Unknown
192.236.249.93,443,NA,US,Unknown
192.236.249.94,443,NA,US,Unknown
192.236.249.95,443,NA,US,Unknown
192.236.249.96,443,NA,US,Unknown
192.236.249.97,443,NA,US,Unknown
192.236.249.98,443,NA,US,Unknown
192.236.249.99,443,NA,US,Unknown
192.252.182.52,7602,NA,US,Unknown
192.253.238.34,40560,NA,US,Unknown
192.3.105.206,443,NA,US,Dallas
192.3.113.4,19318,NA,US,Elk Grove Village
192.3.127.23,443,NA,US,Santa Clara
192.3.150.56,8000,NA,US,Seattle
192.3.155.217,443,NA,US,Buffalo
192.3.208.125,59184,NA,US,Buffalo
192.3.231.51,13791,NA,US,Dallas
192.3.242.109,39863,NA,US,Los Angeles
192.3.30.175,2053,NA,US,Buffalo
192.3.44.158,38613,NA,US,Buffalo
192.3.45.148,443,NA,US,Buffalo
192.3.7.50,27894,NA,US,Buffalo
192.74.225.146,34172,NA,US,Unknown
192.74.225.146,34173,NA,US,Unknown
192.74.225.146,34171,NA,US,Unknown
192.9.129.108,55573,NA,US,San Jose
192.9.135.182,7800,NA,US,San Jose
192.9.137.193,8443,NA,US,San Jose
192.9.138.69,21009,NA,US,San Jose
192.9.145.87,13611,NA,US,San Jose
192.9.157.236,41362,NA,US,San Jose
192.9.228.70,14123,NA,US,San Jose
192.9.250.241,443,NA,US,San Jose
193.122.195.166,52557,NA,US,Ashburn
193.124.24.85,24275,NA,US,Dallas
193.17.183.107,2053,NA,US,Miami
193.17.183.107,8443,NA,US,Miami
193.17.183.157,2053,NA,US,Miami
193.17.183.157,8443,NA,US,Miami
193.17.183.29,2053,NA,US,Miami
193.17.183.29,8443,NA,US,Miami
193.178.210.240,443,NA,US,Secaucus
193.233.207.35,443,NA,US,Dallas
193.32.177.79,443,NA,US,Secaucus
194.113.211.115,2053,NA,US,Secaucus
194.113.211.115,8443,NA,US,Secaucus
195.123.241.122,50008,NA,US,Los Angeles
198.12.121.169,24863,NA,US,Santa Clara
198.144.182.22,8443,NA,US,Elk Grove Village
198.200.41.16,12520,NA,US,Unknown
198.200.51.229,54477,NA,US,Unknown
198.23.236.56,14666,NA,US,Santa Clara
198.23.254.51,443,NA,US,Santa Clara
198.46.143.134,8443,NA,US,Buffalo
198.46.143.134,443,NA,US,Buffalo
198.46.200.138,30089,NA,US,Los Angeles
198.46.218.63,27149,NA,US,Elk Grove Village
198.46.248.35,2053,NA,US,Marietta
198.46.249.231,2053,NA,US,Marietta
198.98.53.156,443,NA,US,Staten Island
199.115.231.188,12586,NA,US,Los Angeles
199.115.231.197,443,NA,US,Los Angeles
199.180.113.47,36770,NA,US,Los Angeles
199.180.115.62,443,NA,US,Los Angeles
199.19.106.123,9658,NA,US,Los Angeles
199.19.107.81,8080,NA,US,Los Angeles
199.19.110.126,17062,NA,US,Los Angeles
199.19.111.52,2346,NA,US,Los Angeles
20.121.115.188,443,NA,US,Washington
20.186.10.215,54641,NA,US,Boydton
20.186.10.215,23361,NA,US,Boydton
20.186.10.215,55653,NA,US,Boydton
20.232.193.43,25790,NA,US,Washington
20.232.193.43,27076,NA,US,Washington
20.246.127.166,443,NA,US,Boydton
20.62.202.159,443,NA,US,Washington
202.78.170.211,443,NA,US,Miami
204.110.222.104,443,NA,US,Ashburn
204.110.222.104,80,NA,US,Ashburn
204.110.222.106,80,NA,US,Ashburn
204.110.223.100,80,NA,US,Columbus
204.110.223.105,80,NA,US,Columbus
204.110.223.105,443,NA,US,Columbus
204.13.153.239,59060,NA,US,Unknown
205.252.117.138,8090,NA,US,Unknown
206.206.123.147,443,NA,US,Seattle
206.223.84.247,443,NA,US,Los Angeles
207.211.176.65,13425,NA,US,Chicago
207.231.109.22,443,NA,US,Unknown
209.141.46.53,54075,NA,US,Las Vegas
209.141.46.53,49923,NA,US,Las Vegas
209.141.46.53,53600,NA,US,Las Vegas
209.141.46.53,59854,NA,US,Las Vegas
209.141.46.53,58294,NA,US,Las Vegas
209.141.46.53,21503,NA,US,Las Vegas
209.141.46.53,35913,NA,US,Las Vegas
209.141.46.53,10095,NA,US,Las Vegas
209.141.46.53,29719,NA,US,Las Vegas
209.141.46.53,45722,NA,US,Las Vegas
209.146.100.10,13379,NA,US,Los Angeles
209.146.102.45,23763,NA,US,Los Angeles
216.128.140.253,26376,NA,US,Dallas
216.24.181.140,38481,NA,US,Los Angeles
216.38.168.34,16384,NA,US,Unknown
217.144.191.233,2053,NA,US,Los Angeles
217.144.191.233,8443,NA,US,Los Angeles
217.144.191.242,2053,NA,US,Los Angeles
217.144.191.242,8443,NA,US,Los Angeles
23.105.193.198,19960,NA,US,Los Angeles
23.105.197.144,21182,NA,US,Los Angeles
23.105.198.177,14995,NA,US,Los Angeles
23.105.199.246,14273,NA,US,Los Angeles
23.105.199.91,19281,NA,US,Los Angeles
23.105.199.91,21626,NA,US,Los Angeles
23.105.220.138,20018,NA,US,Los Angeles
23.105.220.138,20003,NA,US,Los Angeles
23.105.223.47,45972,NA,US,Los Angeles
23.227.193.89,443,NA,US,Chicago
23.239.2.154,8443,NA,US,Fremont
23.254.226.110,443,NA,US,Unknown
23.254.229.13,8090,NA,US,Unknown
23.83.233.179,35825,NA,US,Fremont
23.94.122.243,29500,NA,US,Santa Clara
23.94.123.6,23412,NA,US,Santa Clara
23.94.131.125,30205,NA,US,Elk Grove Village
23.94.178.89,16295,NA,US,Buffalo
23.94.208.154,53485,NA,US,Santa Clara
23.94.211.148,443,NA,US,Seattle
23.94.213.132,27149,NA,US,Los Angeles
23.94.240.202,32338,NA,US,Santa Clara
23.94.43.102,8080,NA,US,Seattle
23.94.43.51,443,NA,US,Seattle
23.94.44.126,16573,NA,US,Ashburn
23.94.5.177,443,NA,US,Buffalo
23.94.56.111,20338,NA,US,Seattle
23.94.92.19,443,NA,US,Marietta
23.94.94.192,42539,NA,US,Marietta
23.95.113.61,443,NA,US,Ashburn
23.95.146.100,443,NA,US,Buffalo
23.95.18.12,18443,NA,US,Seattle
23.95.44.75,5678,NA,US,Dallas
23.95.61.179,15160,NA,US,Santa Clara
24.181.251.148,443,NA,US,Shrewsbury
24.199.104.112,8443,NA,US,Santa Clara
24.199.104.112,2053,NA,US,Santa Clara
3.101.133.120,80,NA,US,San Jose
3.128.253.42,2053,NA,US,Unknown
3.138.59.154,443,NA,US,Unknown
3.147.73.220,443,NA,US,Columbus
3.214.164.221,443,NA,US,Ashburn
3.215.143.191,443,NA,US,Ashburn
3.216.234.194,443,NA,US,Ashburn
31.172.79.112,443,NA,US,Dallas
34.105.49.234,443,NA,US,The Dalles
34.145.58.115,26214,NA,US,The Dalles
34.16.182.230,50651,NA,US,Las Vegas
34.168.95.100,12388,NA,US,The Dalles
34.194.76.43,443,NA,US,Ashburn
34.208.221.169,443,NA,US,Boardman
34.218.130.79,443,NA,US,Boardman
34.230.210.239,443,NA,US,Ashburn
34.234.8.26,443,NA,US,Ashburn
34.68.95.24,5001,NA,US,Council Bluffs
34.68.95.24,5000,NA,US,Council Bluffs
34.82.76.253,443,NA,US,The Dalles
34.83.245.149,443,NA,US,The Dalles
35.167.93.200,443,NA,US,Boardman
35.167.93.200,80,NA,US,Boardman
35.171.204.134,443,NA,US,Ashburn
35.185.54.229,27207,NA,US,North Charleston
35.185.54.229,27251,NA,US,North Charleston
35.185.54.229,27205,NA,US,North Charleston
35.185.54.229,27271,NA,US,North Charleston
35.197.23.75,443,NA,US,The Dalles
35.212.152.44,34501,NA,US,The Dalles
35.212.200.199,443,NA,US,The Dalles
35.212.226.192,52074,NA,US,The Dalles
35.212.226.192,56274,NA,US,The Dalles
35.230.79.26,443,NA,US,The Dalles
35.247.124.181,443,NA,US,The Dalles
35.83.185.225,443,NA,US,Boardman
38.102.235.21,48676,NA,US,Los Angeles
38.105.26.109,36875,NA,US,Los Angeles
38.114.101.214,443,NA,US,Dallas
38.114.101.214,2053,NA,US,Dallas
38.148.249.118,32956,NA,US,Los Angeles
38.150.34.152,443,NA,US,Los Angeles
38.150.34.158,4433,NA,US,Los Angeles
38.150.34.73,444,NA,US,Los Angeles
38.150.34.86,36960,NA,US,Los Angeles
38.209.69.83,443,NA,US,Los Angeles
38.22.233.110,443,NA,US,Los Angeles
38.22.233.150,443,NA,US,Los Angeles
38.22.233.159,443,NA,US,Los Angeles
38.22.233.160,443,NA,US,Los Angeles
38.22.233.166,443,NA,US,Los Angeles
38.22.233.167,443,NA,US,Los Angeles
38.22.233.168,443,NA,US,Los Angeles
38.22.233.225,443,NA,US,Los Angeles
38.22.233.228,443,NA,US,Los Angeles
38.22.233.232,443,NA,US,Los Angeles
38.22.233.234,443,NA,US,Los Angeles
38.22.233.252,443,NA,US,Los Angeles
38.22.233.30,443,NA,US,Los Angeles
38.22.233.64,443,NA,US,Los Angeles
38.46.0.147,39596,NA,US,Los Angeles
38.46.3.168,53361,NA,US,Los Angeles
38.47.112.99,38318,NA,US,Los Angeles
38.55.195.234,49850,NA,US,Unknown
38.58.63.150,51646,NA,US,Los Angeles
38.71.113.225,34954,NA,US,Los Angeles
38.76.145.162,443,NA,US,Los Angeles
38.76.145.163,443,NA,US,Los Angeles
38.76.145.164,443,NA,US,Los Angeles
38.76.145.165,443,NA,US,Los Angeles
38.76.145.167,443,NA,US,Los Angeles
38.76.145.168,443,NA,US,Los Angeles
38.76.145.169,443,NA,US,Los Angeles
38.76.145.172,443,NA,US,Los Angeles
38.76.145.173,443,NA,US,Los Angeles
38.76.145.175,443,NA,US,Los Angeles
38.76.145.176,443,NA,US,Los Angeles
38.76.145.177,443,NA,US,Los Angeles
38.76.145.184,443,NA,US,Los Angeles
38.76.145.185,443,NA,US,Los Angeles
38.76.145.186,443,NA,US,Los Angeles
38.76.145.188,443,NA,US,Los Angeles
38.76.145.189,443,NA,US,Los Angeles
38.76.145.191,443,NA,US,Los Angeles
38.84.203.247,587,NA,US,Los Angeles
38.92.11.115,13614,NA,US,Los Angeles
38.92.11.154,13614,NA,US,Los Angeles
38.92.11.160,13614,NA,US,Los Angeles
38.92.11.43,13614,NA,US,Los Angeles
4.227.113.189,4443,NA,US,Phoenix
4.255.56.137,443,NA,US,Washington
4.255.56.138,443,NA,US,Washington
40.84.146.239,19870,NA,US,San Antonio
43.130.105.166,65001,NA,US,Ashburn
43.130.105.166,65002,NA,US,Ashburn
43.130.35.177,6161,NA,US,Santa Clara
43.135.166.95,45433,NA,US,Santa Clara
43.135.166.95,11030,NA,US,Santa Clara
43.135.166.95,17773,NA,US,Santa Clara
43.153.61.80,40874,NA,US,Santa Clara
44.209.255.249,443,NA,US,Ashburn
44.224.24.91,443,NA,US,Boardman
44.226.147.29,443,NA,US,Boardman
44.227.209.152,443,NA,US,Boardman
44.227.22.10,443,NA,US,Boardman
44.228.63.60,443,NA,US,Boardman
44.228.63.60,80,NA,US,Boardman
44.230.218.23,443,NA,US,Boardman
45.11.93.113,443,NA,US,Dallas
45.11.93.113,80,NA,US,Dallas
45.142.159.9,9991,NA,US,Seattle
45.145.75.43,10712,NA,US,Seattle
45.146.234.144,28217,NA,US,Los Angeles
45.146.82.107,35292,NA,US,Seattle
45.150.164.179,10369,NA,US,Seattle
45.151.132.228,19034,NA,US,Seattle
45.151.133.125,41389,NA,US,Seattle
45.151.133.125,16478,NA,US,Seattle
45.151.133.125,27398,NA,US,Seattle
45.154.214.116,443,NA,US,Seattle
45.154.3.156,8000,NA,US,Fremont
45.154.3.156,19443,NA,US,Fremont
45.154.3.156,23443,NA,US,Fremont
45.32.131.28,31001,NA,US,Santa Clara
45.33.123.73,587,NA,US,Richardson
45.42.214.153,443,NA,US,Unknown
45.63.62.225,16616,NA,US,Los Angeles
45.76.232.169,22711,NA,US,Dallas
45.76.67.242,15565,NA,US,Los Angeles
45.76.70.31,25046,NA,US,Los Angeles
45.79.168.17,443,NA,US,Cedar Knolls
45.8.146.221,23352,NA,US,Secaucus
45.8.146.221,2061,NA,US,Secaucus
45.8.146.85,2061,NA,US,Secaucus
45.8.146.85,23352,NA,US,Secaucus
46.17.107.183,443,NA,US,New York
47.251.70.15,28648,NA,US,Unknown
47.251.76.246,14782,NA,US,Unknown
47.251.95.178,443,NA,US,Unknown
47.252.2.119,37019,NA,US,Unknown
47.252.2.119,14786,NA,US,Unknown
47.252.2.119,14128,NA,US,Unknown
47.252.2.119,46802,NA,US,Unknown
47.252.4.59,15023,NA,US,Unknown
47.252.4.59,38181,NA,US,Unknown
47.252.46.156,40082,NA,US,Unknown
47.252.69.111,11791,NA,US,Unknown
47.252.69.111,32853,NA,US,Unknown
47.253.87.21,52315,NA,US,Unknown
47.88.15.127,443,NA,US,Unknown
47.89.136.31,36301,NA,US,Unknown
47.89.150.45,21575,NA,US,Unknown
47.89.150.45,28626,NA,US,Unknown
47.89.172.185,51530,NA,US,Unknown
47.90.140.40,44203,NA,US,Unknown
47.90.140.40,15624,NA,US,Unknown
47.90.162.12,59936,NA,US,Unknown
47.90.216.208,47493,NA,US,Unknown
47.90.220.146,59170,NA,US,Unknown
47.90.250.235,35869,NA,US,Unknown
5.161.112.205,449,NA,US,Ashburn
5.161.176.159,50000,NA,US,Ashburn
5.161.176.159,50121,NA,US,Ashburn
5.161.176.159,50001,NA,US,Ashburn
5.161.176.159,50120,NA,US,Ashburn
5.180.30.112,443,NA,US,Miami
5.180.30.112,8443,NA,US,Miami
5.180.30.112,2096,NA,US,Miami
5.180.30.112,2053,NA,US,Miami
5.180.30.249,8443,NA,US,Miami
5.180.30.249,443,NA,US,Miami
5.180.30.249,2053,NA,US,Miami
5.180.30.249,2096,NA,US,Miami
5.78.114.254,443,NA,US,Hillsboro
5.78.49.81,443,NA,US,Hillsboro
5.78.49.81,8443,NA,US,Hillsboro
5.78.49.81,2096,NA,US,Hillsboro
5.78.51.6,443,NA,US,Hillsboro
5.78.87.196,2087,NA,US,Hillsboro
5.78.87.196,443,NA,US,Hillsboro
5.8.63.23,443,NA,US,Ashburn
50.112.166.63,443,NA,US,Boardman
50.19.193.95,443,NA,US,Ashburn
50.228.203.26,443,NA,US,Atlanta
51.81.209.21,2053,NA,US,Hillsboro
51.81.209.21,8443,NA,US,Hillsboro
51.81.211.215,8443,NA,US,Hillsboro
52.10.78.7,443,NA,US,Boardman
52.10.78.7,80,NA,US,Boardman
52.32.90.142,80,NA,US,Boardman
52.35.114.64,443,NA,US,Boardman
52.41.218.4,80,NA,US,Boardman
52.41.218.4,443,NA,US,Boardman
52.89.138.13,443,NA,US,Boardman
54.149.11.131,80,NA,US,Boardman
54.167.43.59,443,NA,US,Ashburn
54.176.205.20,80,NA,US,San Jose
54.189.161.131,48850,NA,US,Boardman
54.193.104.34,80,NA,US,San Jose
54.200.244.93,443,NA,US,Boardman
54.202.115.66,80,NA,US,Boardman
54.202.98.246,47346,NA,US,Boardman
54.203.85.46,80,NA,US,Boardman
54.203.85.46,443,NA,US,Boardman
54.71.238.195,443,NA,US,Boardman
62.146.172.119,443,NA,US,Seattle
63.205.203.251,443,NA,US,Los Angeles
63.209.32.91,4433,NA,US,Piscataway
64.112.41.196,42714,NA,US,Unknown
64.112.42.10,10317,NA,US,Unknown
64.176.210.187,443,NA,US,Piscataway
64.181.240.173,443,NA,US,San Jose
64.44.86.201,44759,NA,US,Denver
64.64.227.118,35375,NA,US,Los Angeles
64.64.229.220,22446,NA,US,Los Angeles
64.64.229.221,22801,NA,US,Los Angeles
64.64.232.192,14156,NA,US,Los Angeles
64.64.240.179,22023,NA,US,Los Angeles
64.69.34.244,41091,NA,US,Los Angeles
64.69.37.83,9999,NA,US,Los Angeles
65.49.192.225,58564,NA,US,Los Angeles
65.49.195.163,14828,NA,US,Los Angeles
65.49.198.181,41738,NA,US,Los Angeles
65.49.205.53,10985,NA,US,Los Angeles
65.49.207.181,26443,NA,US,Los Angeles
65.49.215.100,13505,NA,US,Los Angeles
65.49.215.100,36905,NA,US,Los Angeles
65.49.215.100,20831,NA,US,Los Angeles
65.49.215.100,35710,NA,US,Los Angeles
65.49.215.100,23596,NA,US,Los Angeles
65.49.215.100,21163,NA,US,Los Angeles
65.49.215.100,33957,NA,US,Los Angeles
65.49.215.100,14259,NA,US,Los Angeles
65.49.216.153,2443,NA,US,Los Angeles
65.75.193.154,14491,NA,US,San Jose
66.103.204.73,48805,NA,US,Los Angeles
66.103.210.120,12815,NA,US,Los Angeles
66.103.216.214,37357,NA,US,Los Angeles
66.112.211.246,9315,NA,US,Los Angeles
66.112.212.21,818,NA,US,Los Angeles
66.112.215.181,34521,NA,US,Los Angeles
66.112.215.227,18819,NA,US,Los Angeles
66.85.139.204,443,NA,US,Phoenix
66.98.114.222,27878,NA,US,Los Angeles
66.98.114.222,39451,NA,US,Los Angeles
66.98.121.132,8443,NA,US,Los Angeles
66.98.121.205,10796,NA,US,Los Angeles
66.98.127.46,2053,NA,US,Los Angeles
67.209.179.237,30419,NA,US,Los Angeles
67.216.210.229,15677,NA,US,Los Angeles
67.226.220.10,80,NA,US,Ashburn
67.226.220.10,443,NA,US,Ashburn
67.226.221.100,80,NA,US,San Francisco
67.226.221.102,443,NA,US,San Francisco
67.226.221.102,80,NA,US,San Francisco
67.226.221.104,80,NA,US,San Francisco
67.226.221.104,443,NA,US,San Francisco
67.226.222.2,80,NA,US,Columbus
67.226.222.2,443,NA,US,Columbus
67.230.170.187,28358,NA,US,Los Angeles
67.230.182.123,40231,NA,US,Los Angeles
69.28.83.244,443,NA,US,Unknown
69.30.212.2,6643,NA,US,Unknown
69.30.212.5,6643,NA,US,Unknown
69.30.212.6,6643,NA,US,Unknown
72.13.122.137,443,NA,US,Unknown
72.18.80.229,7676,NA,US,Unknown
72.18.80.235,443,NA,US,Unknown
72.18.81.113,15320,NA,US,Unknown
72.18.81.240,443,NA,US,Unknown
72.18.83.132,16232,NA,US,Unknown
74.120.170.56,443,NA,US,Los Angeles
74.121.150.129,8443,NA,US,Edison
74.207.225.147,587,NA,US,Atlanta
74.208.184.133,443,NA,US,Unknown
74.211.107.73,40376,NA,US,Los Angeles
74.48.100.162,18177,NA,US,Los Angeles
74.48.100.162,11856,NA,US,Los Angeles
74.48.100.162,55092,NA,US,Los Angeles
74.48.100.162,26633,NA,US,Los Angeles
74.48.100.162,10391,NA,US,Los Angeles
74.48.100.162,45580,NA,US,Los Angeles
74.48.100.162,14455,NA,US,Los Angeles
74.48.100.162,12348,NA,US,Los Angeles
74.48.136.41,123,NA,US,Los Angeles
74.48.138.229,8443,NA,US,Los Angeles
74.48.140.177,443,NA,US,Los Angeles
74.48.145.79,52593,NA,US,Los Angeles
74.48.145.79,14741,NA,US,Los Angeles
74.48.145.79,13617,NA,US,Los Angeles
74.48.145.79,45625,NA,US,Los Angeles
74.48.145.83,31556,NA,US,Los Angeles
74.48.159.198,31372,NA,US,Los Angeles
74.48.160.149,43516,NA,US,Los Angeles
74.48.17.250,443,NA,US,Los Angeles
74.48.179.37,36358,NA,US,Los Angeles
74.48.179.37,10725,NA,US,Los Angeles
74.48.179.37,58184,NA,US,Los Angeles
74.48.179.37,32380,NA,US,Los Angeles
74.48.179.37,36460,NA,US,Los Angeles
74.48.221.141,26255,NA,US,Los Angeles
74.48.4.29,37731,NA,US,Los Angeles
74.48.46.35,443,NA,US,Los Angeles
74.48.5.119,14953,NA,US,Los Angeles
74.48.5.119,54424,NA,US,Los Angeles
74.48.5.119,20455,NA,US,Los Angeles
74.48.5.119,45616,NA,US,Los Angeles
74.48.5.119,47010,NA,US,Los Angeles
74.48.5.119,29350,NA,US,Los Angeles
74.48.5.119,33996,NA,US,Los Angeles
74.48.5.119,43523,NA,US,Los Angeles
74.48.5.119,38260,NA,US,Los Angeles
74.48.5.119,28333,NA,US,Los Angeles
74.48.5.119,52089,NA,US,Los Angeles
74.48.5.119,55320,NA,US,Los Angeles
74.48.5.119,21878,NA,US,Los Angeles
74.48.50.18,54696,NA,US,Los Angeles
74.48.57.42,43802,NA,US,Los Angeles
74.48.58.171,443,NA,US,Los Angeles
74.48.66.151,51083,NA,US,Los Angeles
74.48.77.104,35273,NA,US,Los Angeles
74.48.82.247,22166,NA,US,Los Angeles
74.48.85.41,44692,NA,US,Los Angeles
74.48.85.50,443,NA,US,Los Angeles
74.48.86.121,12222,NA,US,Los Angeles
74.48.89.211,443,NA,US,Los Angeles
74.48.91.254,443,NA,US,Los Angeles
80.251.215.186,8080,NA,US,Los Angeles
80.251.215.204,8443,NA,US,Los Angeles
80.251.219.120,14105,NA,US,Los Angeles
85.209.154.36,443,NA,US,Los Angeles
85.209.195.61,2053,NA,US,Los Angeles
85.209.195.61,8443,NA,US,Los Angeles
88.218.93.100,443,NA,US,Los Angeles
88.218.93.118,443,NA,US,Los Angeles
89.208.253.189,443,NA,US,Los Angeles
91.149.239.122,443,NA,US,Los Angeles
91.149.239.198,443,NA,US,Los Angeles
91.149.239.206,443,NA,US,Los Angeles
91.149.239.234,443,NA,US,Los Angeles
91.149.239.62,443,NA,US,Los Angeles
91.149.239.64,443,NA,US,Los Angeles
91.149.239.70,443,NA,US,Los Angeles
92.246.138.102,2083,NA,US,Los Angeles
93.179.98.217,38519,NA,US,Los Angeles
95.163.203.38,2053,NA,US,Los Angeles
95.169.26.188,38557,NA,US,Los Angeles
95.169.4.66,50723,NA,US,Los Angeles
95.181.173.215,443,NA,US,Los Angeles
96.126.112.12,38298,NA,US,Richardson
97.64.21.147,40703,NA,US,Los Angeles
97.64.26.142,30840,NA,US,Los Angeles
97.64.26.150,443,NA,US,Los Angeles
97.64.27.82,443,NA,US,Los Angeles
98.142.138.99,33633,NA,US,Los Angeles
98.142.140.86,587,NA,US,Los Angeles
98.142.141.124,49322,NA,US,Los Angeles
98.142.141.124,49323,NA,US,Los Angeles
103.15.90.134,49678,AS,VN,Unknown
103.98.149.96,58904,AS,VN,Unknown
152.32.255.24,587,AS,VN,Ho Chi Minh City
